GENE PRODUCT DB	Protein.Group	SYMBOL	QUALIFIER	GO TERM	GO NAME	ECO ID	GO EVIDENCE CODE	REFERENCE	WITH/FROM	TAXON ID	ASSIGNED BY	ANNOTATION EXTENSION	GO ASPECT
UniProtKB	A0A087WV00	DGKI	involved_in	GO:0030168	platelet activation	ECO:0000256	IEA	GO_REF:0000117	ARBA:ARBA00027406	9606	UniProt		P
UniProtKB	A0A0D9SFR6	DGKH	involved_in	GO:0030168	platelet activation	ECO:0000256	IEA	GO_REF:0000117	ARBA:ARBA00027406	9606	UniProt		P
UniProtKB	A0A0F7G8J1	PLG	involved_in	GO:0007596	blood coagulation	ECO:0007322	IEA	GO_REF:0000043	UniProtKB-KW:KW-0094	9606	UniProt		P
UniProtKB	A0A0F7G8J1	PLG	involved_in	GO:0007596	blood coagulation	ECO:0000256	IEA	GO_REF:0000104	UniRule:UR000169772	9606	UniProt		P
UniProtKB	A0A0K0Q2Z1	SERPINC1	involved_in	GO:0007596	blood coagulation	ECO:0007322	IEA	GO_REF:0000043	UniProtKB-KW:KW-0094	9606	UniProt		P
UniProtKB	A0A0S2Z3E8	FGA	involved_in	GO:0007596	blood coagulation	ECO:0000256	IEA	GO_REF:0000002	InterPro:IPR037579	9606	InterPro		P
UniProtKB	A0A0S2Z3E8	FGA	involved_in	GO:0007596	blood coagulation	ECO:0007322	IEA	GO_REF:0000043	UniProtKB-KW:KW-0094	9606	UniProt		P
UniProtKB	A0A0S2Z3E8	FGA	involved_in	GO:0030168	platelet activation	ECO:0000256	IEA	GO_REF:0000002	InterPro:IPR012290	9606	InterPro		P
UniProtKB	A0A0S2Z3E9	FGA	involved_in	GO:0007596	blood coagulation	ECO:0000256	IEA	GO_REF:0000002	InterPro:IPR037579	9606	InterPro		P
UniProtKB	A0A0S2Z3M3	FGA	involved_in	GO:0007596	blood coagulation	ECO:0000256	IEA	GO_REF:0000002	InterPro:IPR037579	9606	InterPro		P
UniProtKB	A0A0S2Z3M3	FGA	involved_in	GO:0007596	blood coagulation	ECO:0007322	IEA	GO_REF:0000043	UniProtKB-KW:KW-0094	9606	UniProt		P
UniProtKB	A0A0S2Z3M3	FGA	involved_in	GO:0030168	platelet activation	ECO:0000256	IEA	GO_REF:0000002	InterPro:IPR012290	9606	InterPro		P
UniProtKB	A0A0S2Z3P3	FGA	involved_in	GO:0007596	blood coagulation	ECO:0000256	IEA	GO_REF:0000002	InterPro:IPR037579	9606	InterPro		P
UniProtKB	A0A0S2Z3P3	FGA	involved_in	GO:0007596	blood coagulation	ECO:0007322	IEA	GO_REF:0000043	UniProtKB-KW:KW-0094	9606	UniProt		P
UniProtKB	A0A0S2Z3P3	FGA	involved_in	GO:0030168	platelet activation	ECO:0000256	IEA	GO_REF:0000002	InterPro:IPR012290	9606	InterPro		P
UniProtKB	A0A0S2Z5J4	AP3B1	involved_in	GO:0007596	blood coagulation	ECO:0000265	IEA	GO_REF:0000107	UniProtKB:Q9Z1T1|ensembl:ENSMUSP00000022196	9606	Ensembl		P
UniProtKB	A0A0S2Z5U8	DTNBP1	involved_in	GO:0007596	blood coagulation	ECO:0000265	IEA	GO_REF:0000107	UniProtKB:Q91WZ8|ensembl:ENSMUSP00000072170	9606	Ensembl		P
UniProtKB	A0A0S2Z6I4	VKORC1	involved_in	GO:0007596	blood coagulation	ECO:0000265	IEA	GO_REF:0000107	UniProtKB:Q9CRC0|ensembl:ENSMUSP00000033074	9606	Ensembl		P
UniProtKB	A0A140GX60	GP1BB	involved_in	GO:0007596	blood coagulation	ECO:0007322	IEA	GO_REF:0000043	UniProtKB-KW:KW-0094	9606	UniProt		P
UniProtKB	A0A140GX61	GP1BB	involved_in	GO:0007596	blood coagulation	ECO:0007322	IEA	GO_REF:0000043	UniProtKB-KW:KW-0094	9606	UniProt		P
UniProtKB	A0A140GX62	GP1BB	involved_in	GO:0007596	blood coagulation	ECO:0007322	IEA	GO_REF:0000043	UniProtKB-KW:KW-0094	9606	UniProt		P
UniProtKB	A0A140GX63	GP1BB	involved_in	GO:0007596	blood coagulation	ECO:0007322	IEA	GO_REF:0000043	UniProtKB-KW:KW-0094	9606	UniProt		P
UniProtKB	A0A140VJJ6	A0A140VJJ6	involved_in	GO:0007596	blood coagulation	ECO:0000256	IEA	GO_REF:0000002	InterPro:IPR037579	9606	InterPro		P
UniProtKB	A0A140VJJ6	A0A140VJJ6	involved_in	GO:0007596	blood coagulation	ECO:0007322	IEA	GO_REF:0000043	UniProtKB-KW:KW-0094	9606	UniProt		P
UniProtKB	A0A140VJJ6	A0A140VJJ6	involved_in	GO:0030168	platelet activation	ECO:0000256	IEA	GO_REF:0000002	InterPro:IPR012290	9606	InterPro		P
UniProtKB	A0A140VKC1	A0A140VKC1	involved_in	GO:0030168	platelet activation	ECO:0000256	IEA	GO_REF:0000117	ARBA:ARBA00027406	9606	UniProt		P
UniProtKB	A0A2H4P6E7	P2RY12	involved_in	GO:0007596	blood coagulation	ECO:0000256	IEA	GO_REF:0000002	InterPro:IPR005394	9606	InterPro		P
UniProtKB	A0A2S0BDD1	ATIII-R2	involved_in	GO:0007596	blood coagulation	ECO:0007322	IEA	GO_REF:0000043	UniProtKB-KW:KW-0094	9606	UniProt		P
UniProtKB	A0A3B3IRW1	TFPI2	involved_in	GO:0007596	blood coagulation	ECO:0007322	IEA	GO_REF:0000043	UniProtKB-KW:KW-0094	9606	UniProt		P
UniProtKB	A0A3B3IS67	TFPI2	involved_in	GO:0007596	blood coagulation	ECO:0007322	IEA	GO_REF:0000043	UniProtKB-KW:KW-0094	9606	UniProt		P
UniProtKB	A0A3B3IS67	TFPI2	involved_in	GO:0007596	blood coagulation	ECO:0000256	IEA	GO_REF:0000104	UniRule:UR000121505	9606	UniProt		P
UniProtKB	A0A3B3ISY1	TFPI2	involved_in	GO:0007596	blood coagulation	ECO:0007322	IEA	GO_REF:0000043	UniProtKB-KW:KW-0094	9606	UniProt		P
UniProtKB	A0A8F0WPL7	A0A8F0WPL7	involved_in	GO:0007596	blood coagulation	ECO:0000256	IEA	GO_REF:0000002	InterPro:IPR012224	9606	InterPro		P
UniProtKB	A0A8F0WPL7	A0A8F0WPL7	involved_in	GO:0007596	blood coagulation	ECO:0007322	IEA	GO_REF:0000043	UniProtKB-KW:KW-0094	9606	UniProt		P
UniProtKB	A0A8F0WPP1	A0A8F0WPP1	involved_in	GO:0007596	blood coagulation	ECO:0000256	IEA	GO_REF:0000002	InterPro:IPR012224	9606	InterPro		P
UniProtKB	A0A8F0WPP1	A0A8F0WPP1	involved_in	GO:0007596	blood coagulation	ECO:0007322	IEA	GO_REF:0000043	UniProtKB-KW:KW-0094	9606	UniProt		P
UniProtKB	A0A8F0WQF6	A0A8F0WQF6	involved_in	GO:0007596	blood coagulation	ECO:0000256	IEA	GO_REF:0000002	InterPro:IPR012224	9606	InterPro		P
UniProtKB	A0A8F0WQF6	A0A8F0WQF6	involved_in	GO:0007596	blood coagulation	ECO:0007322	IEA	GO_REF:0000043	UniProtKB-KW:KW-0094	9606	UniProt		P
UniProtKB	A0A9L9PXP2	PLG	involved_in	GO:0007596	blood coagulation	ECO:0007322	IEA	GO_REF:0000043	UniProtKB-KW:KW-0094	9606	UniProt		P
UniProtKB	A0A9L9PY04	PLG	involved_in	GO:0007596	blood coagulation	ECO:0007322	IEA	GO_REF:0000043	UniProtKB-KW:KW-0094	9606	UniProt		P
UniProtKB	A0A9L9PYG2	PLG	involved_in	GO:0007596	blood coagulation	ECO:0007322	IEA	GO_REF:0000043	UniProtKB-KW:KW-0094	9606	UniProt		P
UniProtKB	A0JLP2	SEMG1	involved_in	GO:0050817	coagulation	ECO:0000256	IEA	GO_REF:0000002	InterPro:IPR008836	9606	InterPro		P
UniProtKB	A0JLP3	SEMG2	involved_in	GO:0050817	coagulation	ECO:0000256	IEA	GO_REF:0000002	InterPro:IPR008836	9606	InterPro		P
UniProtKB	A1L4Q0	DGKE	involved_in	GO:0030168	platelet activation	ECO:0000256	IEA	GO_REF:0000117	ARBA:ARBA00027406	9606	UniProt		P
UniProtKB	A2RU94	RAB27A	involved_in	GO:0007596	blood coagulation	ECO:0000265	IEA	GO_REF:0000107	UniProtKB:Q9ERI2|ensembl:ENSMUSP00000139310	9606	Ensembl		P
UniProtKB	A6PVI2	PLG	involved_in	GO:0007596	blood coagulation	ECO:0007322	IEA	GO_REF:0000043	UniProtKB-KW:KW-0094	9606	UniProt		P
UniProtKB	A8K0I1	A8K0I1	involved_in	GO:0030168	platelet activation	ECO:0000256	IEA	GO_REF:0000117	ARBA:ARBA00027406	9606	UniProt		P
UniProtKB	A8K6Z6	A8K6Z6	involved_in	GO:0050817	coagulation	ECO:0000256	IEA	GO_REF:0000002	InterPro:IPR008836	9606	InterPro		P
UniProtKB	A8K7T1	A8K7T1	involved_in	GO:0007596	blood coagulation	ECO:0000256	IEA	GO_REF:0000002	InterPro:IPR005394	9606	InterPro		P
UniProtKB	A8K9A9	A8K9A9	involved_in	GO:0007596	blood coagulation	ECO:0007322	IEA	GO_REF:0000043	UniProtKB-KW:KW-0094	9606	UniProt		P
UniProtKB	B0YJC6	PROZ	involved_in	GO:0007596	blood coagulation	ECO:0000256	IEA	GO_REF:0000002	InterPro:IPR012224	9606	InterPro		P
UniProtKB	B0YJC6	PROZ	involved_in	GO:0007596	blood coagulation	ECO:0007322	IEA	GO_REF:0000043	UniProtKB-KW:KW-0094	9606	UniProt		P
UniProtKB	B2R6M5	B2R6M5	involved_in	GO:0007596	blood coagulation	ECO:0000256	IEA	GO_REF:0000002	InterPro:IPR001187	9606	InterPro		P
UniProtKB	B2R6M5	B2R6M5	involved_in	GO:0007596	blood coagulation	ECO:0007322	IEA	GO_REF:0000043	UniProtKB-KW:KW-0094	9606	UniProt		P
UniProtKB	B2R7C8	B2R7C8	involved_in	GO:0050817	coagulation	ECO:0000256	IEA	GO_REF:0000002	InterPro:IPR008836	9606	InterPro		P
UniProtKB	B2R7F8	B2R7F8	involved_in	GO:0007596	blood coagulation	ECO:0007322	IEA	GO_REF:0000043	UniProtKB-KW:KW-0094	9606	UniProt		P
UniProtKB	B2R7F8	B2R7F8	involved_in	GO:0007596	blood coagulation	ECO:0000256	IEA	GO_REF:0000104	UniRule:UR000169772	9606	UniProt		P
UniProtKB	B2R8I2	B2R8I2	involved_in	GO:0007596	blood coagulation	ECO:0007322	IEA	GO_REF:0000043	UniProtKB-KW:KW-0094	9606	UniProt		P
UniProtKB	B2R8Y9	B2R8Y9	involved_in	GO:0007596	blood coagulation	ECO:0007322	IEA	GO_REF:0000043	UniProtKB-KW:KW-0094	9606	UniProt		P
UniProtKB	B2R8Y9	B2R8Y9	involved_in	GO:0007596	blood coagulation	ECO:0000256	IEA	GO_REF:0000104	UniRule:UR000121505	9606	UniProt		P
UniProtKB	B2R9U4	B2R9U4	involved_in	GO:0030168	platelet activation	ECO:0000256	IEA	GO_REF:0000002	InterPro:IPR000142	9606	InterPro		P
UniProtKB	B2RBZ5	B2RBZ5	involved_in	GO:0007596	blood coagulation	ECO:0000256	IEA	GO_REF:0000002	InterPro:IPR033835	9606	InterPro		P
UniProtKB	B2RE67	B2RE67	involved_in	GO:0007596	blood coagulation	ECO:0000256	IEA	GO_REF:0000002	InterPro:IPR005394	9606	InterPro		P
UniProtKB	B3KVV1	B3KVV1	involved_in	GO:0007596	blood coagulation	ECO:0007322	IEA	GO_REF:0000043	UniProtKB-KW:KW-0094	9606	UniProt		P
UniProtKB	B4DDT3	B4DDT3	involved_in	GO:0007596	blood coagulation	ECO:0000256	IEA	GO_REF:0000002	InterPro:IPR003966|InterPro:IPR018992|InterPro:IPR037111	9606	InterPro		P
UniProtKB	B4DPH4	B4DPH4	involved_in	GO:0007596	blood coagulation	ECO:0007322	IEA	GO_REF:0000043	UniProtKB-KW:KW-0094	9606	UniProt		P
UniProtKB	B4DPM2	B4DPM2	involved_in	GO:0007596	blood coagulation	ECO:0000256	IEA	GO_REF:0000002	InterPro:IPR012224	9606	InterPro		P
UniProtKB	B4DPQ3	B4DPQ3	involved_in	GO:0007596	blood coagulation	ECO:0000256	IEA	GO_REF:0000002	InterPro:IPR012224	9606	InterPro		P
UniProtKB	B4DPQ3	B4DPQ3	involved_in	GO:0007596	blood coagulation	ECO:0007322	IEA	GO_REF:0000043	UniProtKB-KW:KW-0094	9606	UniProt		P
UniProtKB	B4DYW1	B4DYW1	involved_in	GO:0030168	platelet activation	ECO:0000256	IEA	GO_REF:0000117	ARBA:ARBA00027406	9606	UniProt		P
UniProtKB	B4E183	B4E183	involved_in	GO:0007596	blood coagulation	ECO:0000256	IEA	GO_REF:0000002	InterPro:IPR005394	9606	InterPro		P
UniProtKB	B4E1C2	KNG1	involved_in	GO:0007596	blood coagulation	ECO:0007322	IEA	GO_REF:0000043	UniProtKB-KW:KW-0094	9606	UniProt		P
UniProtKB	B4E1D3	B4E1D3	involved_in	GO:0007596	blood coagulation	ECO:0000256	IEA	GO_REF:0000002	InterPro:IPR037579	9606	InterPro		P
UniProtKB	B4E1D3	B4E1D3	involved_in	GO:0007596	blood coagulation	ECO:0007322	IEA	GO_REF:0000043	UniProtKB-KW:KW-0094	9606	UniProt		P
UniProtKB	B4E1D3	B4E1D3	involved_in	GO:0030168	platelet activation	ECO:0000256	IEA	GO_REF:0000002	InterPro:IPR012290	9606	InterPro		P
UniProtKB	B5MBY2	DGKB	involved_in	GO:0030168	platelet activation	ECO:0000256	IEA	GO_REF:0000117	ARBA:ARBA00027406	9606	UniProt		P
UniProtKB	B5MCD5	DGKB	involved_in	GO:0030168	platelet activation	ECO:0000256	IEA	GO_REF:0000117	ARBA:ARBA00027406	9606	UniProt		P
UniProtKB	B7Z8F6	B7Z8F6	involved_in	GO:0030168	platelet activation	ECO:0000256	IEA	GO_REF:0000117	ARBA:ARBA00027406	9606	UniProt		P
UniProtKB	B7Z951	B7Z951	involved_in	GO:0030168	platelet activation	ECO:0000256	IEA	GO_REF:0000117	ARBA:ARBA00027406	9606	UniProt		P
UniProtKB	B7Z9A9	B7Z9A9	involved_in	GO:0030168	platelet activation	ECO:0000256	IEA	GO_REF:0000117	ARBA:ARBA00027406	9606	UniProt		P
UniProtKB	B7ZBK1	F10	involved_in	GO:0007596	blood coagulation	ECO:0007322	IEA	GO_REF:0000043	UniProtKB-KW:KW-0094	9606	UniProt		P
UniProtKB	B7ZL83	DGKB	involved_in	GO:0030168	platelet activation	ECO:0000256	IEA	GO_REF:0000117	ARBA:ARBA00027406	9606	UniProt		P
UniProtKB	C1L3E0	CD40LG	involved_in	GO:0030168	platelet activation	ECO:0000256	IEA	GO_REF:0000104	UniRule:UR000146901	9606	UniProt		P
UniProtKB	C9JC84	FGG	involved_in	GO:0007596	blood coagulation	ECO:0000256	IEA	GO_REF:0000002	InterPro:IPR037579	9606	InterPro		P
UniProtKB	C9JC84	FGG	involved_in	GO:0007596	blood coagulation	ECO:0007322	IEA	GO_REF:0000043	UniProtKB-KW:KW-0094	9606	UniProt		P
UniProtKB	C9JC84	FGG	involved_in	GO:0030168	platelet activation	ECO:0000256	IEA	GO_REF:0000002	InterPro:IPR012290	9606	InterPro		P
UniProtKB	C9JEU5	FGG	involved_in	GO:0007596	blood coagulation	ECO:0000256	IEA	GO_REF:0000002	InterPro:IPR037579	9606	InterPro		P
UniProtKB	C9JEU5	FGG	involved_in	GO:0007596	blood coagulation	ECO:0007322	IEA	GO_REF:0000043	UniProtKB-KW:KW-0094	9606	UniProt		P
UniProtKB	C9JEU5	FGG	involved_in	GO:0030168	platelet activation	ECO:0000256	IEA	GO_REF:0000002	InterPro:IPR012290	9606	InterPro		P
UniProtKB	C9JKV3	TFPI	involved_in	GO:0007596	blood coagulation	ECO:0007322	IEA	GO_REF:0000043	UniProtKB-KW:KW-0094	9606	UniProt		P
UniProtKB	C9JPQ9	FGG	involved_in	GO:0007596	blood coagulation	ECO:0000256	IEA	GO_REF:0000002	InterPro:IPR037579	9606	InterPro		P
UniProtKB	C9JPQ9	FGG	involved_in	GO:0007596	blood coagulation	ECO:0007322	IEA	GO_REF:0000043	UniProtKB-KW:KW-0094	9606	UniProt		P
UniProtKB	C9JPQ9	FGG	involved_in	GO:0030168	platelet activation	ECO:0000256	IEA	GO_REF:0000002	InterPro:IPR012290	9606	InterPro		P
UniProtKB	C9JU00	FGG	involved_in	GO:0007596	blood coagulation	ECO:0000256	IEA	GO_REF:0000002	InterPro:IPR037579	9606	InterPro		P
UniProtKB	C9JU00	FGG	involved_in	GO:0007596	blood coagulation	ECO:0007322	IEA	GO_REF:0000043	UniProtKB-KW:KW-0094	9606	UniProt		P
UniProtKB	C9JU00	FGG	involved_in	GO:0030168	platelet activation	ECO:0000256	IEA	GO_REF:0000002	InterPro:IPR012290	9606	InterPro		P
UniProtKB	C9JV37	F2	involved_in	GO:0007596	blood coagulation	ECO:0000256	IEA	GO_REF:0000002	InterPro:IPR037111	9606	InterPro		P
UniProtKB	C9JV37	F2	involved_in	GO:0007596	blood coagulation	ECO:0007322	IEA	GO_REF:0000043	UniProtKB-KW:KW-0094	9606	UniProt		P
UniProtKB	D1MER8	GP9	involved_in	GO:0007596	blood coagulation	ECO:0007322	IEA	GO_REF:0000043	UniProtKB-KW:KW-0094	9606	UniProt		P
UniProtKB	D6REL8	FGB	involved_in	GO:0007596	blood coagulation	ECO:0000256	IEA	GO_REF:0000002	InterPro:IPR037579	9606	InterPro		P
UniProtKB	D6RGL0	ADRA2C	involved_in	GO:0030168	platelet activation	ECO:0000256	IEA	GO_REF:0000002	InterPro:IPR000735	9606	InterPro		P
UniProtKB	E7EM72	DGKI	involved_in	GO:0030168	platelet activation	ECO:0000256	IEA	GO_REF:0000117	ARBA:ARBA00027406	9606	UniProt		P
UniProtKB	E7END6	PROC	involved_in	GO:0007596	blood coagulation	ECO:0000256	IEA	GO_REF:0000002	InterPro:IPR012224	9606	InterPro		P
UniProtKB	E7END6	PROC	involved_in	GO:0007596	blood coagulation	ECO:0007322	IEA	GO_REF:0000043	UniProtKB-KW:KW-0094	9606	UniProt		P
UniProtKB	E7EWQ4	DGKI	involved_in	GO:0030168	platelet activation	ECO:0000256	IEA	GO_REF:0000117	ARBA:ARBA00027406	9606	UniProt		P
UniProtKB	E9KL49	E9KL49	involved_in	GO:0030168	platelet activation	ECO:0000256	IEA	GO_REF:0000117	ARBA:ARBA00027406	9606	UniProt		P
UniProtKB	E9PFX6	DGKI	involved_in	GO:0030168	platelet activation	ECO:0000256	IEA	GO_REF:0000117	ARBA:ARBA00027406	9606	UniProt		P
UniProtKB	E9PIT3	F2	involved_in	GO:0007596	blood coagulation	ECO:0000256	IEA	GO_REF:0000002	InterPro:IPR003966|InterPro:IPR018992|InterPro:IPR037111	9606	InterPro		P
UniProtKB	E9PIT3	F2	involved_in	GO:0007596	blood coagulation	ECO:0007322	IEA	GO_REF:0000043	UniProtKB-KW:KW-0094	9606	UniProt		P
UniProtKB	E9PNL8	DGKZ	involved_in	GO:0030168	platelet activation	ECO:0000256	IEA	GO_REF:0000117	ARBA:ARBA00027406	9606	UniProt		P
UniProtKB	F2RM35	factor IX F9	involved_in	GO:0007596	blood coagulation	ECO:0000256	IEA	GO_REF:0000002	InterPro:IPR012224	9606	InterPro		P
UniProtKB	F2RM35	factor IX F9	involved_in	GO:0007596	blood coagulation	ECO:0007322	IEA	GO_REF:0000043	UniProtKB-KW:KW-0094	9606	UniProt		P
UniProtKB	F2RM37	F9 p22	involved_in	GO:0007596	blood coagulation	ECO:0000256	IEA	GO_REF:0000002	InterPro:IPR012224	9606	InterPro		P
UniProtKB	F2RM37	F9 p22	involved_in	GO:0007596	blood coagulation	ECO:0007322	IEA	GO_REF:0000043	UniProtKB-KW:KW-0094	9606	UniProt		P
UniProtKB	F5H8B0	F7	involved_in	GO:0007596	blood coagulation	ECO:0000256	IEA	GO_REF:0000002	InterPro:IPR012224	9606	InterPro		P
UniProtKB	G3V2W1	SERPINA10	involved_in	GO:0007596	blood coagulation	ECO:0000256	IEA	GO_REF:0000002	InterPro:IPR033835	9606	InterPro		P
UniProtKB	G3V4E1	DGKA	involved_in	GO:0030168	platelet activation	ECO:0000256	IEA	GO_REF:0000117	ARBA:ARBA00027406	9606	UniProt		P
UniProtKB	H0YA20	DGKQ	involved_in	GO:0030168	platelet activation	ECO:0000256	IEA	GO_REF:0000117	ARBA:ARBA00027406	9606	UniProt		P
UniProtKB	H0YAC1	H0YAC1	involved_in	GO:0007596	blood coagulation	ECO:0007322	IEA	GO_REF:0000043	UniProtKB-KW:KW-0094	9606	UniProt		P
UniProtKB	H0YJH4	DGKA	involved_in	GO:0030168	platelet activation	ECO:0000256	IEA	GO_REF:0000117	ARBA:ARBA00027406	9606	UniProt		P
UniProtKB	I3L112	DGKE	involved_in	GO:0030168	platelet activation	ECO:0000256	IEA	GO_REF:0000117	ARBA:ARBA00027406	9606	UniProt		P
UniProtKB	L8E853	VWF	involved_in	GO:0007596	blood coagulation	ECO:0007322	IEA	GO_REF:0000043	UniProtKB-KW:KW-0094	9606	UniProt		P
UniProtKB	L8E853	VWF	involved_in	GO:0007596	blood coagulation	ECO:0000256	IEA	GO_REF:0000104	UniRule:UR001528771	9606	UniProt		P
UniProtKB	L8E853	VWF	involved_in	GO:0030168	platelet activation	ECO:0000256	IEA	GO_REF:0000104	UniRule:UR001528771	9606	UniProt		P
UniProtKB	M0R0Y0	F2RL3	involved_in	GO:0007596	blood coagulation	ECO:0000256	IEA	GO_REF:0000002	InterPro:IPR003944	9606	InterPro		P
UniProtKB	O00186	STXBP3	involved_in	GO:0070527	platelet aggregation	ECO:0000315	IMP	PMID:12773094		9606	UniProt		P
UniProtKB	O00203	AP3B1	involved_in	GO:0007596	blood coagulation	ECO:0000265	IEA	GO_REF:0000107	UniProtKB:Q9Z1T1|ensembl:ENSMUSP00000022196	9606	Ensembl		P
UniProtKB	O00254	F2RL2	involved_in	GO:0007596	blood coagulation	ECO:0000256	IEA	GO_REF:0000002	InterPro:IPR003912|InterPro:IPR003943	9606	InterPro		P
UniProtKB	O00254	F2RL2	involved_in	GO:0007596	blood coagulation	ECO:0007322	IEA	GO_REF:0000043	UniProtKB-KW:KW-0094	9606	UniProt		P
UniProtKB	O00254	F2RL2	involved_in	GO:0007596	blood coagulation	ECO:0000304	TAS	PMID:9087410		9606	PINC		P
UniProtKB	O00254	F2RL2	involved_in	GO:0030168	platelet activation	ECO:0000304	TAS	Reactome:R-HSA-76002		9606	Reactome		P
UniProtKB	O00299	CLIC1	involved_in	GO:0070527	platelet aggregation	ECO:0007001	HMP	PMID:23382103		9606	UniProt		P
UniProtKB	O15162	PLSCR1	involved_in	GO:0030168	platelet activation	ECO:0000303	NAS	PMID:9218461		9606	UniProt		P
UniProtKB	O43427	FIBP	involved_in	GO:0070527	platelet aggregation	ECO:0007001	HMP	PMID:23382103		9606	UniProt		P
UniProtKB	O60353	FZD6	involved_in	GO:0030168	platelet activation	ECO:0000265	IEA	GO_REF:0000107	UniProtKB:Q61089|ensembl:ENSMUSP00000136328	9606	Ensembl		P
UniProtKB	O75912	DGKI	involved_in	GO:0030168	platelet activation	ECO:0000256	IEA	GO_REF:0000117	ARBA:ARBA00027406	9606	UniProt		P
UniProtKB	O75912	DGKI	involved_in	GO:0030168	platelet activation	ECO:0000304	TAS	Reactome:R-HSA-76002		9606	Reactome		P
UniProtKB	O95340	PAPSS2	involved_in	GO:0007596	blood coagulation	ECO:0000265	IEA	GO_REF:0000107	UniProtKB:O88428|ensembl:ENSMUSP00000025833	9606	Ensembl		P
UniProtKB	O95866	MPIG6B	involved_in	GO:0007596	blood coagulation	ECO:0000250	ISS	GO_REF:0000024	UniProtKB:D7PDD4	9606	UniProt		P
UniProtKB	O95866	MPIG6B	involved_in	GO:0007596	blood coagulation	ECO:0000318	IBA	GO_REF:0000033	MGI:MGI:2146995|PANTHER:PTN002204313	9606	GO_Central		P
UniProtKB	O95866	MPIG6B	involved_in	GO:0007596	blood coagulation	ECO:0000265	IEA	GO_REF:0000107	UniProtKB:D7PDD4|ensembl:ENSMUSP00000133377	9606	Ensembl		P
UniProtKB	P00451	F8	involved_in	GO:0007596	blood coagulation	ECO:0007322	IEA	GO_REF:0000043	UniProtKB-KW:KW-0094	9606	UniProt		P
UniProtKB	P00451	F8	involved_in	GO:0007596	blood coagulation	ECO:0000304	TAS	PMID:8275087		9606	PINC		P
UniProtKB	P00451	F8	involved_in	GO:0007597	blood coagulation								
UniProtKB	P00488	F13A1	involved_in	GO:0007596	blood coagulation	ECO:0007322	IEA	GO_REF:0000043	UniProtKB-KW:KW-0094	9606	UniProt		P
UniProtKB	P00488	F13A1	involved_in	GO:0007596	blood coagulation	ECO:0000265	IEA	GO_REF:0000107	UniProtKB:Q8BH61|ensembl:ENSMUSP00000048667	9606	Ensembl		P
UniProtKB	P00488	F13A1	involved_in	GO:0007596	blood coagulation	ECO:0000304	TAS	PMID:10801785		9606	PINC		P
UniProtKB	P00488	F13A1	involved_in	GO:0072378	blood coagulation								
UniProtKB	P00488	F13A1	involved_in	GO:0072378	blood coagulation								
UniProtKB	P00488	F13A1	involved_in	GO:0072378	blood coagulation								
UniProtKB	P00488	F13A1	involved_in	GO:0072378	blood coagulation								
UniProtKB	P00734	F2	involved_in	GO:0007596	blood coagulation	ECO:0000256	IEA	GO_REF:0000002	InterPro:IPR003966|InterPro:IPR018992|InterPro:IPR037111	9606	InterPro		P
UniProtKB	P00734	F2	involved_in	GO:0007596	blood coagulation	ECO:0007322	IEA	GO_REF:0000043	UniProtKB-KW:KW-0094	9606	UniProt		P
UniProtKB	P00734	F2	involved_in	GO:0007596	blood coagulation	ECO:0000304	TAS	PMID:7592664		9606	PINC		P
UniProtKB	P00734	F2	involved_in	GO:0030168	platelet activation	ECO:0000318	IBA	GO_REF:0000033	MGI:MGI:88380|PANTHER:PTN002799255|UniProtKB:P00734	9606	GO_Central		P
UniProtKB	P00734	F2	involved_in	GO:0030168	platelet activation	ECO:0000265	IEA	GO_REF:0000107	UniProtKB:P19221|ensembl:ENSMUSP00000028681	9606	Ensembl		P
UniProtKB	P00734	F2	involved_in	GO:0030168	platelet activation	ECO:0000314	IDA	PMID:9038223		9606	BHF-UCL		P
UniProtKB	P00740	F9	involved_in	GO:0007596	blood coagulation	ECO:0000256	IEA	GO_REF:0000002	InterPro:IPR012224	9606	InterPro		P
UniProtKB	P00740	F9	involved_in	GO:0007596	blood coagulation	ECO:0000318	IBA	GO_REF:0000033	MGI:MGI:88384|PANTHER:PTN000667592|UniProtKB:P00740	9606	GO_Central		P
UniProtKB	P00740	F9	involved_in	GO:0007596	blood coagulation	ECO:0007322	IEA	GO_REF:0000043	UniProtKB-KW:KW-0094	9606	UniProt		P
UniProtKB	P00740	F9	involved_in	GO:0007596	blood coagulation	ECO:0000265	IEA	GO_REF:0000107	UniProtKB:P16294|ensembl:ENSMUSP00000033477	9606	Ensembl		P
UniProtKB	P00740	F9	involved_in	GO:0007596	blood coagulation	ECO:0000314	IDA	PMID:20121197		9606	UniProt		P
UniProtKB	P00740	F9	involved_in	GO:0007596	blood coagulation	ECO:0000314	IDA	PMID:2472424		9606	BHF-UCL		P
UniProtKB	P00740	F9	involved_in	GO:0007596	blood coagulation	ECO:0000315	IMP	PMID:2592373		9606	UniProt		P
UniProtKB	P00742	F10	involved_in	GO:0007596	blood coagulation	ECO:0000256	IEA	GO_REF:0000002	InterPro:IPR012224	9606	InterPro		P
UniProtKB	P00742	F10	involved_in	GO:0007596	blood coagulation	ECO:0007322	IEA	GO_REF:0000043	UniProtKB-KW:KW-0094	9606	UniProt		P
UniProtKB	P00742	F10	involved_in	GO:0007596	blood coagulation	ECO:0000305	IC	PMID:17469850	GO:0004252	9606	BHF-UCL		P
UniProtKB	P00742	F10	involved_in	GO:0007596	blood coagulation	ECO:0000304	TAS	PMID:6587384		9606	PINC		P
UniProtKB	P00747	PLG	involved_in	GO:0007596	blood coagulation	ECO:0007322	IEA	GO_REF:0000043	UniProtKB-KW:KW-0094	9606	UniProt		P
UniProtKB	P00747	PLG	involved_in	GO:0007596	blood coagulation	ECO:0000315	IMP	PMID:1986355		9606	HGNC-UCL		P
UniProtKB	P00748	F12	involved_in	GO:0007596	blood coagulation	ECO:0000318	IBA	GO_REF:0000033	MGI:MGI:1891012|PANTHER:PTN002800021	9606	GO_Central		P
UniProtKB	P00748	F12	involved_in	GO:0007596	blood coagulation	ECO:0007322	IEA	GO_REF:0000043	UniProtKB-KW:KW-0094	9606	UniProt		P
UniProtKB	P00748	F12	involved_in	GO:0007596	blood coagulation	ECO:0000265	IEA	GO_REF:0000107	UniProtKB:Q80YC5|ensembl:ENSMUSP00000021948	9606	Ensembl		P
UniProtKB	P00748	F12	involved_in	GO:0007597	blood coagulation								
UniProtKB	P00749	PLAU	involved_in	GO:0007596	blood coagulation	ECO:0007322	IEA	GO_REF:0000043	UniProtKB-KW:KW-0094	9606	UniProt		P
UniProtKB	P00750	PLAT	involved_in	GO:0007596	blood coagulation	ECO:0000304	TAS	PMID:3839198		9606	PINC		P
UniProtKB	P01008	SERPINC1	involved_in	GO:0007596	blood coagulation	ECO:0007322	IEA	GO_REF:0000043	UniProtKB-KW:KW-0094	9606	UniProt		P
UniProtKB	P01009	SERPINA1	involved_in	GO:0007596	blood coagulation	ECO:0007322	IEA	GO_REF:0000043	UniProtKB-KW:KW-0094	9606	UniProt		P
UniProtKB	P01042	KNG1	involved_in	GO:0007596	blood coagulation	ECO:0007322	IEA	GO_REF:0000043	UniProtKB-KW:KW-0094	9606	UniProt		P
UniProtKB	P02461	COL3A1	involved_in	GO:0030168	platelet activation	ECO:0000303	NAS	PMID:9573018		9606	UniProt		P
UniProtKB	P02671	FGA	involved_in	GO:0007596	blood coagulation	ECO:0000256	IEA	GO_REF:0000002	InterPro:IPR037579	9606	InterPro		P
UniProtKB	P02671	FGA	involved_in	GO:0007596	blood coagulation	ECO:0007322	IEA	GO_REF:0000043	UniProtKB-KW:KW-0094	9606	UniProt		P
UniProtKB	P02671	FGA	involved_in	GO:0030168	platelet activation	ECO:0000256	IEA	GO_REF:0000002	InterPro:IPR012290	9606	InterPro		P
UniProtKB	P02671	FGA	involved_in	GO:0070527	platelet aggregation	ECO:0000318	IBA	GO_REF:0000033	PANTHER:PTN008715159|UniProtKB:P02671|ZFIN:ZDB-GENE-031010-21	9606	GO_Central		P
UniProtKB	P02671	FGA	involved_in	GO:0070527	platelet aggregation	ECO:0007001	HMP	PMID:23382103		9606	UniProt		P
UniProtKB	P02671	FGA	involved_in	GO:0070527	platelet aggregation	ECO:0000314	IDA	PMID:6281794		9606	BHF-UCL		P
UniProtKB	P02671	FGA	involved_in	GO:0072377	blood coagulation								
UniProtKB	P02671	FGA	involved_in	GO:0072377	blood coagulation								
UniProtKB	P02671	FGA	involved_in	GO:0072378	blood coagulation								
UniProtKB	P02671-PRO_0000009022	FGA	involved_in	GO:0072377	blood coagulation								
UniProtKB	P02675	FGB	involved_in	GO:0007596	blood coagulation	ECO:0000256	IEA	GO_REF:0000002	InterPro:IPR037579	9606	InterPro		P
UniProtKB	P02675	FGB	involved_in	GO:0007596	blood coagulation	ECO:0007322	IEA	GO_REF:0000043	UniProtKB-KW:KW-0094	9606	UniProt		P
UniProtKB	P02675	FGB	involved_in	GO:0030168	platelet activation	ECO:0000256	IEA	GO_REF:0000002	InterPro:IPR012290	9606	InterPro		P
UniProtKB	P02675	FGB	involved_in	GO:0070527	platelet aggregation	ECO:0000318	IBA	GO_REF:0000033	PANTHER:PTN002709771|UniProtKB:P02675	9606	GO_Central		P
UniProtKB	P02675	FGB	involved_in	GO:0070527	platelet aggregation	ECO:0000314	IDA	PMID:6281794		9606	BHF-UCL		P
UniProtKB	P02675	FGB	involved_in	GO:0072378	blood coagulation								
UniProtKB	P02675	FGB	involved_in	GO:0072378	blood coagulation								
UniProtKB	P02679	FGG	involved_in	GO:0007596	blood coagulation	ECO:0000256	IEA	GO_REF:0000002	InterPro:IPR037579	9606	InterPro		P
UniProtKB	P02679	FGG	involved_in	GO:0007596	blood coagulation	ECO:0007322	IEA	GO_REF:0000043	UniProtKB-KW:KW-0094	9606	UniProt		P
UniProtKB	P02679	FGG	involved_in	GO:0030168	platelet activation	ECO:0000256	IEA	GO_REF:0000002	InterPro:IPR012290	9606	InterPro		P
UniProtKB	P02679	FGG	involved_in	GO:0070527	platelet aggregation	ECO:0000318	IBA	GO_REF:0000033	PANTHER:PTN002709898|UniProtKB:P02679	9606	GO_Central		P
UniProtKB	P02679	FGG	involved_in	GO:0070527	platelet aggregation	ECO:0000314	IDA	PMID:6281794		9606	BHF-UCL		P
UniProtKB	P02679	FGG	involved_in	GO:0072378	blood coagulation								
UniProtKB	P02679	FGG	involved_in	GO:0072378	blood coagulation								
UniProtKB	P02730	SLC4A1	involved_in	GO:0007596	blood coagulation	ECO:0000265	IEA	GO_REF:0000107	UniProtKB:P04919|ensembl:ENSMUSP00000006749	9606	Ensembl		P
UniProtKB	P02749	APOH	involved_in	GO:0007597	blood coagulation								
UniProtKB	P02776	PF4	involved_in	GO:0030168	platelet activation	ECO:0000314	IDA	PMID:11685038		9606	UniProt		P
UniProtKB	P03951	F11	involved_in	GO:0007596	blood coagulation	ECO:0007322	IEA	GO_REF:0000043	UniProtKB-KW:KW-0094	9606	UniProt		P
UniProtKB	P03951	F11	involved_in	GO:0007596	blood coagulation	ECO:0000304	TAS	PMID:10823824		9606	PINC		P
UniProtKB	P03951	F11	involved_in	GO:0007596	blood coagulation	ECO:0000314	IDA	PMID:9169594		9606	BHF-UCL		P
UniProtKB	P03951	F11	involved_in	GO:0007596	blood coagulation	ECO:0000303	NAS	PMID:9593722		9606	UniProt		P
UniProtKB	P03952	KLKB1	involved_in	GO:0007596	blood coagulation	ECO:0007322	IEA	GO_REF:0000043	UniProtKB-KW:KW-0094	9606	UniProt		P
UniProtKB	P04070	PROC	involved_in	GO:0007596	blood coagulation	ECO:0000256	IEA	GO_REF:0000002	InterPro:IPR012224	9606	InterPro		P
UniProtKB	P04070	PROC	involved_in	GO:0007596	blood coagulation	ECO:0007322	IEA	GO_REF:0000043	UniProtKB-KW:KW-0094	9606	UniProt		P
UniProtKB	P04196	HRG	involved_in	GO:0007596	blood coagulation	ECO:0007322	IEA	GO_REF:0000043	UniProtKB-KW:KW-0094	9606	UniProt		P
UniProtKB	P04196	HRG	involved_in	GO:0030168	platelet activation	ECO:0000314	IDA	PMID:19903770		9606	UniProt		P
UniProtKB	P04275	VWF	involved_in	GO:0007596	blood coagulation	ECO:0000318	IBA	GO_REF:0000033	MGI:MGI:98941|PANTHER:PTN002602369|UniProtKB:P04275	9606	GO_Central		P
UniProtKB	P04275	VWF	involved_in	GO:0007596	blood coagulation	ECO:0007322	IEA	GO_REF:0000043	UniProtKB-KW:KW-0094	9606	UniProt		P
UniProtKB	P04275	VWF	involved_in	GO:0007596	blood coagulation	ECO:0000315	IMP	PMID:16409464		9606	UniProt		P
UniProtKB	P04275	VWF	involved_in	GO:0030168	platelet activation	ECO:0000303	NAS	PMID:12871509		9606	UniProt		P
UniProtKB	P04275	VWF	involved_in	GO:0030168	platelet activation	ECO:0000314	IDA	PMID:8565074		9606	UniProt		P
UniProtKB	P04279	SEMG1	involved_in	GO:0050817	coagulation	ECO:0000256	IEA	GO_REF:0000002	InterPro:IPR008836	9606	InterPro		P
UniProtKB	P04279	SEMG1	involved_in	GO:0050817	coagulation	ECO:0000314	IDA	PMID:8665956		9606	UniProt	has_input(UniProtKB:Q02383)	
UniProtKB	P04792	HSPB1	involved_in	GO:0070527	platelet aggregation	ECO:0007001	HMP	PMID:23382103		9606	UniProt		P
UniProtKB	P05106	ITGB3	involved_in	GO:0007596	blood coagulation	ECO:0000304	TAS	PMID:1438206		9606	PINC		P
UniProtKB	P05106	ITGB3	involved_in	GO:0030168	platelet activation	ECO:0000315	IMP	PMID:15466936		9606	UniProt		P
UniProtKB	P05106	ITGB3	involved_in	GO:0070527	platelet aggregation	ECO:0000318	IBA	GO_REF:0000033	MGI:MGI:96612|PANTHER:PTN002560728|UniProtKB:P05106	9606	GO_Central		P
UniProtKB	P05106	ITGB3	involved_in	GO:0070527	platelet aggregation	ECO:0000265	IEA	GO_REF:0000107	UniProtKB:O54890|ensembl:ENSMUSP00000021028	9606	Ensembl		P
UniProtKB	P05106	ITGB3	involved_in	GO:0070527	platelet aggregation	ECO:0000315	IMP	PMID:15466936		9606	UniProt		P
UniProtKB	P05106	ITGB3	involved_in	GO:0072378	blood coagulation								
UniProtKB	P05155	SERPING1	involved_in	GO:0007596	blood coagulation	ECO:0007322	IEA	GO_REF:0000043	UniProtKB-KW:KW-0094	9606	UniProt		P
UniProtKB	P05160	F13B	involved_in	GO:0007596	blood coagulation	ECO:0000318	IBA	GO_REF:0000033	MGI:MGI:88379|PANTHER:PTN001455694|UniProtKB:P05160	9606	GO_Central		P
UniProtKB	P05160	F13B	involved_in	GO:0007596	blood coagulation	ECO:0007322	IEA	GO_REF:0000043	UniProtKB-KW:KW-0094	9606	UniProt		P
UniProtKB	P05160	F13B	involved_in	GO:0007596	blood coagulation	ECO:0000265	IEA	GO_REF:0000107	UniProtKB:Q07968|ensembl:ENSMUSP00000027615	9606	Ensembl		P
UniProtKB	P05160	F13B	involved_in	GO:0007596	blood coagulation	ECO:0000304	TAS	PMID:2334637		9606	PINC		P
UniProtKB	P05160	F13B	involved_in	GO:0072378	blood coagulation								
UniProtKB	P05231	IL6	involved_in	GO:0030168	platelet activation	ECO:0000304	TAS	PMID:7831669		9606	BHF-UCL		P
UniProtKB	P05546	SERPIND1	involved_in	GO:0007596	blood coagulation	ECO:0000256	IEA	GO_REF:0000002	InterPro:IPR033831	9606	InterPro		P
UniProtKB	P05546	SERPIND1	involved_in	GO:0007596	blood coagulation	ECO:0007322	IEA	GO_REF:0000043	UniProtKB-KW:KW-0094	9606	UniProt		P
UniProtKB	P06239	LCK	involved_in	GO:0030168	platelet activation	ECO:0000304	TAS	Reactome:R-HSA-76002		9606	Reactome		P
UniProtKB	P06280	GLA	involved_in	GO:0030168	platelet activation	ECO:0000265	IEA	GO_REF:0000107	UniProtKB:D3ZJF9|ensembl:ENSRNOP00000015494	9606	Ensembl		P
UniProtKB	P06280	GLA	involved_in	GO:0070527	platelet aggregation	ECO:0000265	IEA	GO_REF:0000107	UniProtKB:D3ZJF9|ensembl:ENSRNOP00000015494	9606	Ensembl		P
UniProtKB	P07093	SERPINE2	involved_in	GO:0007596	blood coagulation	ECO:0000265	IEA	GO_REF:0000107	UniProtKB:Q07235|ensembl:ENSMUSP00000027467	9606	Ensembl		P
UniProtKB	P07093	SERPINE2	involved_in	GO:0030168	platelet activation	ECO:0000265	IEA	GO_REF:0000107	UniProtKB:Q07235|ensembl:ENSMUSP00000027467	9606	Ensembl		P
UniProtKB	P07204	THBD	involved_in	GO:0007596	blood coagulation	ECO:0007322	IEA	GO_REF:0000043	UniProtKB-KW:KW-0094	9606	UniProt		P
UniProtKB	P07204	THBD	involved_in	GO:0007596	blood coagulation	ECO:0000304	TAS	PMID:9252393		9606	PINC		P
UniProtKB	P07204	THBD	involved_in	GO:0072377	blood coagulation								
UniProtKB	P07225	PROS1	involved_in	GO:0007596	blood coagulation	ECO:0007322	IEA	GO_REF:0000043	UniProtKB-KW:KW-0094	9606	UniProt		P
UniProtKB	P07225	PROS1	involved_in	GO:0007596	blood coagulation	ECO:0000304	TAS	PMID:9657428		9606	PINC		P
UniProtKB	P07359	GP1BA	acts_upstream_of_or_within	GO:0007596	blood coagulation	ECO:0000315	IMP	PMID:21037087		9606	MGI		P
UniProtKB	P07359	GP1BA	involved_in	GO:0007596	blood coagulation	ECO:0007322	IEA	GO_REF:0000043	UniProtKB-KW:KW-0094	9606	UniProt		P
UniProtKB	P07359	GP1BA	involved_in	GO:0007596	blood coagulation	ECO:0000265	IEA	GO_REF:0000107	UniProtKB:O35930|ensembl:ENSMUSP00000057563	9606	Ensembl		P
UniProtKB	P07359	GP1BA	involved_in	GO:0007597	blood coagulation								
UniProtKB	P07359	GP1BA	involved_in	GO:0007597	blood coagulation								
UniProtKB	P07359	GP1BA	involved_in	GO:0030168	platelet activation	ECO:0000304	TAS	PMID:12855810		9606	UniProt		P
UniProtKB	P08311	CTSG	involved_in	GO:0030168	platelet activation	ECO:0000314	IDA	PMID:10702240		9606	UniProt		P
UniProtKB	P08567	PLEK	involved_in	GO:0070527	platelet aggregation	ECO:0000250	ISS	GO_REF:0000024	UniProtKB:Q9JHK5	9606	BHF-UCL		P
UniProtKB	P08567	PLEK	involved_in	GO:0070527	platelet aggregation	ECO:0000265	IEA	GO_REF:0000107	UniProtKB:Q9JHK5|ensembl:ENSMUSP00000099945	9606	Ensembl		P
UniProtKB	P08567	PLEK	involved_in	GO:0070527	platelet aggregation	ECO:0007001	HMP	PMID:23382103		9606	UniProt		P
UniProtKB	P08709	F7	involved_in	GO:0007596	blood coagulation	ECO:0000256	IEA	GO_REF:0000002	InterPro:IPR012224	9606	InterPro		P
UniProtKB	P08709	F7	involved_in	GO:0007596	blood coagulation	ECO:0000318	IBA	GO_REF:0000033	MGI:MGI:109325|PANTHER:PTN008611921|UniProtKB:P08709	9606	GO_Central		P
UniProtKB	P08709	F7	involved_in	GO:0007596	blood coagulation	ECO:0007322	IEA	GO_REF:0000043	UniProtKB-KW:KW-0094	9606	UniProt		P
UniProtKB	P08709	F7	involved_in	GO:0007596	blood coagulation	ECO:0000265	IEA	GO_REF:0000107	UniProtKB:P70375|ensembl:ENSMUSP00000033820	9606	Ensembl		P
UniProtKB	P08709	F7	involved_in	GO:0007596	blood coagulation	ECO:0000314	IDA	PMID:24998411		9606	BHF-UCL		P
UniProtKB	P08709	F7	involved_in	GO:0007596	blood coagulation	ECO:0000304	TAS	PMID:3037537		9606	PINC		P
UniProtKB	P08709	F7	involved_in	GO:0007596	blood coagulation	ECO:0000314	IDA	PMID:8632006		9606	BHF-UCL		P
UniProtKB	P08758	ANXA5	involved_in	GO:0007596	blood coagulation	ECO:0007322	IEA	GO_REF:0000043	UniProtKB-KW:KW-0094	9606	UniProt		P
UniProtKB	P08913	ADRA2A	involved_in	GO:0030168	platelet activation	ECO:0000256	IEA	GO_REF:0000002	InterPro:IPR001946	9606	InterPro		P
UniProtKB	P0CW18	PRSS56	involved_in	GO:0007596	blood coagulation	ECO:0000318	IBA	GO_REF:0000033	MGI:MGI:109325|PANTHER:PTN008611921|UniProtKB:P08709	9606	GO_Central		P
UniProtKB	P0DJI8	SAA1	involved_in	GO:0030168	platelet activation	ECO:0000303	NAS	PMID:1697614		9606	UniProt		P
UniProtKB	P10646	TFPI	involved_in	GO:0007596	blood coagulation	ECO:0007322	IEA	GO_REF:0000043	UniProtKB-KW:KW-0094	9606	UniProt		P
UniProtKB	P10646	TFPI	involved_in	GO:0007596	blood coagulation	ECO:0000304	TAS	PMID:9252393		9606	PINC		P
UniProtKB	P11831	SRF	involved_in	GO:0030168	platelet activation	ECO:0000265	IEA	GO_REF:0000107	UniProtKB:Q9JM73|ensembl:ENSMUSP00000015749	9606	Ensembl		P
UniProtKB	P12259	F5	involved_in	GO:0007596	blood coagulation	ECO:0000318	IBA	GO_REF:0000033	MGI:MGI:88382|PANTHER:PTN008618704	9606	GO_Central		P
UniProtKB	P12259	F5	involved_in	GO:0007596	blood coagulation	ECO:0007322	IEA	GO_REF:0000043	UniProtKB-KW:KW-0094	9606	UniProt		P
UniProtKB	P12259	F5	involved_in	GO:0007596	blood coagulation	ECO:0000265	IEA	GO_REF:0000107	UniProtKB:O88783|ensembl:ENSMUSP00000083204	9606	Ensembl		P
UniProtKB	P12259	F5	involved_in	GO:0007596	blood coagulation	ECO:0000304	TAS	PMID:9252393		9606	PINC		P
UniProtKB	P12814	ACTN1	NOT|involved_in	GO:0030168	platelet activation	ECO:0000315	IMP	PMID:24069336		9606	UniProt		P
UniProtKB	P12814	ACTN1	NOT|involved_in	GO:0070527	platelet aggregation	ECO:0000315	IMP	PMID:23434115		9606	UniProt		P
UniProtKB	P12931	SRC	involved_in	GO:0030168	platelet activation	ECO:0000304	TAS	Reactome:R-HSA-76002		9606	Reactome		P
UniProtKB	P13224	GP1BB	involved_in	GO:0007596	blood coagulation	ECO:0007322	IEA	GO_REF:0000043	UniProtKB-KW:KW-0094	9606	UniProt		P
UniProtKB	P13224	GP1BB	involved_in	GO:0007597	blood coagulation								
UniProtKB	P13224	GP1BB	involved_in	GO:0007597	blood coagulation								
UniProtKB	P13224	GP1BB	involved_in	GO:0030168	platelet activation	ECO:0000303	NAS	PMID:12871509		9606	UniProt		P
UniProtKB	P13726	F3	involved_in	GO:0007596	blood coagulation	ECO:0000256	IEA	GO_REF:0000002	InterPro:IPR001187	9606	InterPro		P
UniProtKB	P13726	F3	involved_in	GO:0007596	blood coagulation	ECO:0007322	IEA	GO_REF:0000043	UniProtKB-KW:KW-0094	9606	UniProt		P
UniProtKB	P13726	F3	involved_in	GO:0007596	blood coagulation	ECO:0000314	IDA	PMID:24998411		9606	BHF-UCL		P
UniProtKB	P13726	F3	involved_in	GO:0007596	blood coagulation	ECO:0000314	IDA	PMID:8632006		9606	BHF-UCL		P
UniProtKB	P13928	ANXA8	involved_in	GO:0007596	blood coagulation	ECO:0007322	IEA	GO_REF:0000043	UniProtKB-KW:KW-0094	9606	UniProt		P
UniProtKB	P13987	CD59	involved_in	GO:0007596	blood coagulation	ECO:0000304	TAS	PMID:1381503		9606	PINC		P
UniProtKB	P14770	GP9	involved_in	GO:0007596	blood coagulation	ECO:0007322	IEA	GO_REF:0000043	UniProtKB-KW:KW-0094	9606	UniProt		P
UniProtKB	P14770	GP9	involved_in	GO:0007596	blood coagulation	ECO:0000265	IEA	GO_REF:0000107	UniProtKB:O88186|ensembl:ENSMUSP00000032133	9606	Ensembl		P
UniProtKB	P14770	GP9	involved_in	GO:0007596	blood coagulation	ECO:0000304	TAS	PMID:9432024		9606	PINC		P
UniProtKB	P14770	GP9	involved_in	GO:0007597	blood coagulation								
UniProtKB	P14770	GP9	involved_in	GO:0007597	blood coagulation								
UniProtKB	P15498	VAV1	involved_in	GO:0030168	platelet activation	ECO:0000304	TAS	Reactome:R-HSA-76002		9606	Reactome		P
UniProtKB	P15976	GATA1	involved_in	GO:0070527	platelet aggregation	ECO:0000265	IEA	GO_REF:0000107	UniProtKB:P17679|ensembl:ENSMUSP00000033502	9606	Ensembl		P
UniProtKB	P15976	GATA1	involved_in	GO:0070527	platelet aggregation	ECO:0000315	IMP	PMID:15701726		9606	BHF-UCL		P
UniProtKB	P16234	PDGFRA	involved_in	GO:0070527	platelet aggregation	ECO:0000315	IMP	PMID:8188664		9606	UniProt		P
UniProtKB	P16671	CD36	involved_in	GO:0007596	blood coagulation	ECO:0000304	TAS	PMID:2468670		9606	PINC		P
UniProtKB	P16885	PLCG2	involved_in	GO:0030168	platelet activation	ECO:0000304	TAS	Reactome:R-HSA-76002		9606	Reactome		P
UniProtKB	P17301	ITGA2	involved_in	GO:0007596	blood coagulation	ECO:0000304	TAS	PMID:2933589		9606	PINC		P
UniProtKB	P18089	ADRA2B	involved_in	GO:0030168	platelet activation	ECO:0000256	IEA	GO_REF:0000002	InterPro:IPR000207	9606	InterPro		P
UniProtKB	P18206	VCL	involved_in	GO:0070527	platelet aggregation	ECO:0007001	HMP	PMID:23382103		9606	UniProt		P
UniProtKB	P18825	ADRA2C	involved_in	GO:0030168	platelet activation	ECO:0000256	IEA	GO_REF:0000002	InterPro:IPR000735	9606	InterPro		P
UniProtKB	P19105	MYL12A	involved_in	GO:0070527	platelet aggregation	ECO:0007001	HMP	PMID:23382103		9606	UniProt		P
UniProtKB	P20851	C4BPB	involved_in	GO:0007596	blood coagulation	ECO:0000304	TAS	PMID:8325877		9606	PINC		P
UniProtKB	P21291	CSRP1	involved_in	GO:0070527	platelet aggregation	ECO:0007001	HMP	PMID:23382103		9606	UniProt		P
UniProtKB	P21333	FLNA	involved_in	GO:0007597	blood coagulation								
UniProtKB	P21333	FLNA	involved_in	GO:0070527	platelet aggregation	ECO:0007001	HMP	PMID:23382103		9606	UniProt		P
UniProtKB	P21926	CD9	involved_in	GO:0030168	platelet activation	ECO:0000303	NAS	PMID:2037603		9606	UniProt		P
UniProtKB	P22891	PROZ	involved_in	GO:0007596	blood coagulation	ECO:0000256	IEA	GO_REF:0000002	InterPro:IPR012224	9606	InterPro		P
UniProtKB	P22891	PROZ	involved_in	GO:0007596	blood coagulation	ECO:0000318	IBA	GO_REF:0000033	MGI:MGI:1860488|PANTHER:PTN008611906	9606	GO_Central		P
UniProtKB	P22891	PROZ	involved_in	GO:0007596	blood coagulation	ECO:0007322	IEA	GO_REF:0000043	UniProtKB-KW:KW-0094	9606	UniProt		P
UniProtKB	P22891	PROZ	involved_in	GO:0007596	blood coagulation	ECO:0000265	IEA	GO_REF:0000107	UniProtKB:Q9CQW3|ensembl:ENSMUSP00000033822	9606	Ensembl		P
UniProtKB	P23142	FBLN1	involved_in	GO:0072378	blood coagulation								
UniProtKB	P23743	DGKA	involved_in	GO:0030168	platelet activation	ECO:0000256	IEA	GO_REF:0000117	ARBA:ARBA00027406	9606	UniProt		P
UniProtKB	P23743	DGKA	involved_in	GO:0030168	platelet activation	ECO:0000304	TAS	Reactome:R-HSA-76002		9606	Reactome		P
UniProtKB	P24844	MYL9	involved_in	GO:0070527	platelet aggregation	ECO:0007001	HMP	PMID:23382103		9606	UniProt		P
UniProtKB	P25116	F2R	involved_in	GO:0007596	blood coagulation	ECO:0000256	IEA	GO_REF:0000002	InterPro:IPR000935|InterPro:IPR003912	9606	InterPro		P
UniProtKB	P25116	F2R	involved_in	GO:0007596	blood coagulation	ECO:0007322	IEA	GO_REF:0000043	UniProtKB-KW:KW-0094	9606	UniProt		P
UniProtKB	P25116	F2R	involved_in	GO:0030168	platelet activation	ECO:0000314	IDA	PMID:9038223		9606	BHF-UCL		P
UniProtKB	P25942	CD40	involved_in	GO:0030168	platelet activation	ECO:0000303	NAS	PMID:9468137		9606	UniProt		P
UniProtKB	P29274	ADORA2A	involved_in	GO:0007596	blood coagulation	ECO:0000304	TAS	PMID:10899090		9606	PINC		P
UniProtKB	P29350	PTPN6	involved_in	GO:0070527	platelet aggregation	ECO:0000265	IEA	GO_REF:0000107	UniProtKB:P29351|ensembl:ENSMUSP00000004377	9606	Ensembl		P
UniProtKB	P29965	CD40LG	involved_in	GO:0030168	platelet activation	ECO:0000314	IDA	PMID:9468137		9606	UniProt		P
UniProtKB	P30101	PDIA3	involved_in	GO:0070527	platelet aggregation	ECO:0000265	IEA	GO_REF:0000107	UniProtKB:P27773|ensembl:ENSMUSP00000028683	9606	Ensembl		P
UniProtKB	P30530	AXL	involved_in	GO:0030168	platelet activation	ECO:0000318	IBA	GO_REF:0000033	MGI:MGI:1347244|PANTHER:PTN002814496	9606	GO_Central		P
UniProtKB	P30530	AXL	involved_in	GO:0030168	platelet activation	ECO:0000265	IEA	GO_REF:0000107	UniProtKB:Q00993|ensembl:ENSMUSP00000002677	9606	Ensembl		P
UniProtKB	P31645	SLC6A4	involved_in	GO:0070527	platelet aggregation	ECO:0000250	ISS	GO_REF:0000024	UniProtKB:Q60857	9606	UniProt		P
UniProtKB	P31645	SLC6A4	involved_in	GO:0070527	platelet aggregation	ECO:0000265	IEA	GO_REF:0000107	UniProtKB:Q60857|ensembl:ENSMUSP00000104039	9606	Ensembl		P
UniProtKB	P35579	MYH9	involved_in	GO:0070527	platelet aggregation	ECO:0007001	HMP	PMID:23382103		9606	UniProt		P
UniProtKB	P38435	GGCX	involved_in	GO:0007596	blood coagulation	ECO:0000304	TAS	PMID:9845520		9606	PINC		P
UniProtKB	P40197	GP5	involved_in	GO:0007596	blood coagulation	ECO:0000318	IBA	GO_REF:0000033	MGI:MGI:1096363|PANTHER:PTN000690258|UniProtKB:P40197	9606	GO_Central		P
UniProtKB	P40197	GP5	involved_in	GO:0007596	blood coagulation	ECO:0007322	IEA	GO_REF:0000043	UniProtKB-KW:KW-0094	9606	UniProt		P
UniProtKB	P40197	GP5	involved_in	GO:0007597	blood coagulation								
UniProtKB	P40197	GP5	involved_in	GO:0007597	blood coagulation								
UniProtKB	P41235	HNF4A	involved_in	GO:0007596	blood coagulation	ECO:0000314	IDA	PMID:12911579		9606	BHF-UCL		P
UniProtKB	P42336	PIK3CA	involved_in	GO:0030168	platelet activation	ECO:0000304	TAS	PMID:21035500		9606	UniProt		P
UniProtKB	P42338	PIK3CB	involved_in	GO:0030168	platelet activation	ECO:0000265	IEA	GO_REF:0000107	UniProtKB:Q8BTI9|ensembl:ENSMUSP00000035037	9606	Ensembl		P
UniProtKB	P42338	PIK3CB	involved_in	GO:0030168	platelet activation	ECO:0000304	TAS	PMID:21035500		9606	UniProt		P
UniProtKB	P42338	PIK3CB	involved_in	GO:0070527	platelet aggregation	ECO:0000304	TAS	PMID:21035500		9606	UniProt		P
UniProtKB	P42768	WAS	involved_in	GO:0007596	blood coagulation	ECO:0000304	TAS	PMID:8069912		9606	PINC		P
UniProtKB	P43405	SYK	involved_in	GO:0030168	platelet activation	ECO:0000304	TAS	Reactome:R-HSA-76002		9606	Reactome		P
UniProtKB	P47900	P2RY1	involved_in	GO:0007596	blood coagulation	ECO:0007322	IEA	GO_REF:0000043	UniProtKB-KW:KW-0094	9606	UniProt		P
UniProtKB	P47900	P2RY1	involved_in	GO:0030168	platelet activation	ECO:0000256	IEA	GO_REF:0000002	InterPro:IPR000142	9606	InterPro		P
UniProtKB	P48307	TFPI2	involved_in	GO:0007596	blood coagulation	ECO:0007322	IEA	GO_REF:0000043	UniProtKB-KW:KW-0094	9606	UniProt		P
UniProtKB	P48736	PIK3CG	involved_in	GO:0070527	platelet aggregation	ECO:0000304	TAS	PMID:21035500		9606	UniProt		P
UniProtKB	P49257	LMAN1	involved_in	GO:0007596	blood coagulation	ECO:0000304	TAS	PMID:9546392		9606	PINC		P
UniProtKB	P49619	DGKG	involved_in	GO:0030168	platelet activation	ECO:0000256	IEA	GO_REF:0000117	ARBA:ARBA00027406	9606	UniProt		P
UniProtKB	P49619	DGKG	involved_in	GO:0030168	platelet activation	ECO:0000304	TAS	Reactome:R-HSA-76002		9606	Reactome		P
UniProtKB	P49747	COMP	involved_in	GO:0007596	blood coagulation	ECO:0000265	IEA	GO_REF:0000107	UniProtKB:Q9R0G6|ensembl:ENSMUSP00000003659	9606	Ensembl		P
UniProtKB	P49747	COMP	involved_in	GO:0070527	platelet aggregation	ECO:0000265	IEA	GO_REF:0000107	UniProtKB:Q9R0G6|ensembl:ENSMUSP00000003659	9606	Ensembl		P
UniProtKB	P49961	ENTPD1	involved_in	GO:0007596	blood coagulation	ECO:0000304	TAS	PMID:8955160		9606	PINC		P
UniProtKB	P49961	ENTPD1	involved_in	GO:0070527	platelet aggregation	ECO:0000315	IMP	PMID:8955160		9606	UniProt		P
UniProtKB	P49961	ENTPD1	involved_in	GO:0070527	platelet aggregation	ECO:0000315	IMP	PMID:8996251		9606	UniProt		P
UniProtKB	P50148	GNAQ	involved_in	GO:0007596	blood coagulation	ECO:0000304	TAS	PMID:9238049		9606	PINC		P
UniProtKB	P51159	RAB27A	involved_in	GO:0007596	blood coagulation	ECO:0000265	IEA	GO_REF:0000107	UniProtKB:Q9ERI2|ensembl:ENSMUSP00000139310	9606	Ensembl		P
UniProtKB	P51575	P2RX1	involved_in	GO:0030168	platelet activation	ECO:0000265	IEA	GO_REF:0000107	UniProtKB:P51576|ensembl:ENSMUSP00000021141	9606	Ensembl		P
UniProtKB	P52429	DGKE	involved_in	GO:0030168	platelet activation	ECO:0000256	IEA	GO_REF:0000117	ARBA:ARBA00027406	9606	UniProt		P
UniProtKB	P52429	DGKE	involved_in	GO:0030168	platelet activation	ECO:0000304	TAS	Reactome:R-HSA-76002		9606	Reactome		P
UniProtKB	P52735	VAV2	involved_in	GO:0030168	platelet activation	ECO:0000304	TAS	Reactome:R-HSA-76002		9606	Reactome		P
UniProtKB	P52824	DGKQ	involved_in	GO:0030168	platelet activation	ECO:0000256	IEA	GO_REF:0000117	ARBA:ARBA00027406	9606	UniProt		P
UniProtKB	P52824	DGKQ	involved_in	GO:0030168	platelet activation	ECO:0000304	TAS	Reactome:R-HSA-76002		9606	Reactome		P
UniProtKB	P53582	METAP1	involved_in	GO:0070527	platelet aggregation	ECO:0007001	HMP	PMID:23382103		9606	UniProt		P
UniProtKB	P55085	F2RL1	involved_in	GO:0007596	blood coagulation	ECO:0000256	IEA	GO_REF:0000002	InterPro:IPR003912	9606	InterPro		P
UniProtKB	P56704	WNT3A	involved_in	GO:0030168	platelet activation	ECO:0000265	IEA	GO_REF:0000107	UniProtKB:P27467|ensembl:ENSMUSP00000010044	9606	Ensembl		P
UniProtKB	P56704	WNT3A	involved_in	GO:0070527	platelet aggregation	ECO:0000265	IEA	GO_REF:0000107	UniProtKB:P27467|ensembl:ENSMUSP00000010044	9606	Ensembl		P
UniProtKB	P60709	ACTB	involved_in	GO:0070527	platelet aggregation	ECO:0007001	HMP	PMID:23382103		9606	UniProt		P
UniProtKB	P61225	RAP2B	involved_in	GO:0030168	platelet activation	ECO:0000314	IDA	PMID:18582561		9606	UniProt		P
UniProtKB	P61225	RAP2B	involved_in	GO:0070527	platelet aggregation	ECO:0000314	IDA	PMID:18582561		9606	UniProt		P
UniProtKB	P61764	STXBP1	involved_in	GO:0070527	platelet aggregation	ECO:0000315	IMP	PMID:12773094		9606	UniProt		P
UniProtKB	P62937	PPIA	involved_in	GO:0030168	platelet activation	ECO:0000250	ISS	GO_REF:0000024	UniProtKB:P17742	9606	UniProt		P
UniProtKB	P62937	PPIA	involved_in	GO:0030168	platelet activation	ECO:0000265	IEA	GO_REF:0000107	UniProtKB:P17742|ensembl:ENSMUSP00000117987	9606	Ensembl		P
UniProtKB	P62937	PPIA	involved_in	GO:0070527	platelet aggregation	ECO:0000250	ISS	GO_REF:0000024	UniProtKB:P17742	9606	UniProt		P
UniProtKB	P62937	PPIA	involved_in	GO:0070527	platelet aggregation	ECO:0000265	IEA	GO_REF:0000107	UniProtKB:P17742|ensembl:ENSMUSP00000117987	9606	Ensembl		P
UniProtKB	P63092	GNAS	involved_in	GO:0070527	platelet aggregation	ECO:0000314	IDA	PMID:12719376		9606	UniProt		P
UniProtKB	P63261	ACTG1	involved_in	GO:0070527	platelet aggregation	ECO:0007001	HMP	PMID:23382103		9606	UniProt		P
UniProtKB	P68871	HBB	involved_in	GO:0070527	platelet aggregation	ECO:0007001	HMP	PMID:23382103		9606	UniProt		P
UniProtKB	P78329	CYP4F2	involved_in	GO:0007596	blood coagulation	ECO:0000304	TAS	PMID:19297519		9606	UniProt		P
UniProtKB	P78329	CYP4F2	involved_in	GO:0007596	blood coagulation	ECO:0000304	TAS	PMID:24138531		9606	UniProt		P
UniProtKB	P84996	GNAS	involved_in	GO:0070527	platelet aggregation	ECO:0000315	IMP	PMID:12719376		9606	UniProt		P
UniProtKB	Q02383	SEMG2	involved_in	GO:0050817	coagulation	ECO:0000256	IEA	GO_REF:0000002	InterPro:IPR008836	9606	InterPro		P
UniProtKB	Q02383	SEMG2	involved_in	GO:0050817	coagulation	ECO:0000314	IDA	PMID:8665956		9606	UniProt	has_input(UniProtKB:P04279)	
UniProtKB	Q03113	GNA12	involved_in	GO:0007596	blood coagulation	ECO:0000304	TAS	PMID:8290554		9606	PINC		P
UniProtKB	Q03405	PLAUR	involved_in	GO:0007596	blood coagulation	ECO:0000304	TAS	PMID:8049431		9606	PINC		P
UniProtKB	Q03405	PLAUR	involved_in	GO:0007596	blood coagulation	ECO:0000303	NAS	PMID:8392005		9606	UniProt		P
UniProtKB	Q04756	HGFAC	involved_in	GO:0007596	blood coagulation	ECO:0000318	IBA	GO_REF:0000033	MGI:MGI:1891012|PANTHER:PTN002800021	9606	GO_Central		P
UniProtKB	Q06418	TYRO3	involved_in	GO:0030168	platelet activation	ECO:0000250	ISS	GO_REF:0000024	UniProtKB:P55144	9606	UniProt		P
UniProtKB	Q06418	TYRO3	involved_in	GO:0030168	platelet activation	ECO:0000265	IEA	GO_REF:0000107	UniProtKB:P55144|ensembl:ENSMUSP00000028763	9606	Ensembl		P
UniProtKB	Q06418	TYRO3	involved_in	GO:0070527	platelet aggregation	ECO:0000250	ISS	GO_REF:0000024	UniProtKB:P55144	9606	UniProt		P
UniProtKB	Q06418	TYRO3	involved_in	GO:0070527	platelet aggregation	ECO:0000318	IBA	GO_REF:0000033	MGI:MGI:104294|PANTHER:PTN000699553	9606	GO_Central		P
UniProtKB	Q06418	TYRO3	involved_in	GO:0070527	platelet aggregation	ECO:0000265	IEA	GO_REF:0000107	UniProtKB:P55144|ensembl:ENSMUSP00000028763	9606	Ensembl		P
UniProtKB	Q08830	FGL1	involved_in	GO:0007596	blood coagulation	ECO:0000256	IEA	GO_REF:0000002	InterPro:IPR037579	9606	InterPro		P
UniProtKB	Q08830	FGL1	involved_in	GO:0070527	platelet aggregation	ECO:0000318	IBA	GO_REF:0000033	PANTHER:PTN002709898|UniProtKB:P02679	9606	GO_Central		P
UniProtKB	Q12866	MERTK	involved_in	GO:0030168	platelet activation	ECO:0000265	IEA	GO_REF:0000107	UniProtKB:Q60805|ensembl:ENSMUSP00000014505	9606	Ensembl		P
UniProtKB	Q12913	PTPRJ	involved_in	GO:0007596	blood coagulation	ECO:0000265	IEA	GO_REF:0000107	UniProtKB:Q64455|ensembl:ENSMUSP00000129592	9606	Ensembl		P
UniProtKB	Q13087	PDIA2	involved_in	GO:0070527	platelet aggregation	ECO:0000265	IEA	GO_REF:0000107	UniProtKB:D3Z6P0|ensembl:ENSMUSP00000035584	9606	Ensembl		P
UniProtKB	Q13201	MMRN1	involved_in	GO:0007596	blood coagulation	ECO:0000304	TAS	PMID:9189649		9606	PINC		P
UniProtKB	Q13310	PABPC4	involved_in	GO:0007596	blood coagulation	ECO:0000304	TAS	PMID:9030741		9606	PINC		P
UniProtKB	Q13418	ILK	involved_in	GO:0070527	platelet aggregation	ECO:0007001	HMP	PMID:23382103		9606	UniProt		P
UniProtKB	Q13572	ITPK1	involved_in	GO:0007596	blood coagulation	ECO:0000304	TAS	Reactome:R-HSA-109582		9606	Reactome		P
UniProtKB	Q13574	DGKZ	involved_in	GO:0030168	platelet activation	ECO:0000256	IEA	GO_REF:0000117	ARBA:ARBA00027406	9606	UniProt		P
UniProtKB	Q13574	DGKZ	involved_in	GO:0030168	platelet activation	ECO:0000304	TAS	Reactome:R-HSA-76002		9606	Reactome		P
UniProtKB	Q14344	GNA13	involved_in	GO:0030168	platelet activation	ECO:0000265	IEA	GO_REF:0000107	UniProtKB:P27601|ensembl:ENSMUSP00000020930	9606	Ensembl		P
UniProtKB	Q14393	GAS6	involved_in	GO:0007596	blood coagulation	ECO:0000265	IEA	GO_REF:0000107	UniProtKB:Q61592|ensembl:ENSMUSP00000033828	9606	Ensembl		P
UniProtKB	Q14573	ITPR3	involved_in	GO:0030168	platelet activation	ECO:0000314	IDA	PMID:10828023		9606	BHF-UCL		P
UniProtKB	Q14644	RASA3	involved_in	GO:0030168	platelet activation	ECO:0000314	IDA	PMID:10828023		9606	BHF-UCL		P
UniProtKB	Q15465	SHH	involved_in	GO:0007596	blood coagulation	ECO:0000265	IEA	GO_REF:0000107	UniProtKB:Q62226|ensembl:ENSMUSP00000002708	9606	Ensembl		P
UniProtKB	Q15652	JMJD1C	involved_in	GO:0007596	blood coagulation	ECO:0000304	TAS	Reactome:R-HSA-109582		9606	Reactome		P
UniProtKB	Q16292	thrombin receptor	involved_in	GO:0007596	blood coagulation	ECO:0000256	IEA	GO_REF:0000002	InterPro:IPR000935	9606	InterPro		P
UniProtKB	Q16539	MAPK14	involved_in	GO:0030168	platelet activation	ECO:0000304	TAS	Reactome:R-HSA-418592		9606	Reactome		P
UniProtKB	Q16760	DGKD	involved_in	GO:0030168	platelet activation	ECO:0000256	IEA	GO_REF:0000117	ARBA:ARBA00027406	9606	UniProt		P
UniProtKB	Q16760	DGKD	involved_in	GO:0030168	platelet activation	ECO:0000304	TAS	Reactome:R-HSA-76002		9606	Reactome		P
UniProtKB	Q2M589	DGKG	involved_in	GO:0030168	platelet activation	ECO:0000256	IEA	GO_REF:0000117	ARBA:ARBA00027406	9606	UniProt		P
UniProtKB	Q3KRA7	FGA	involved_in	GO:0007596	blood coagulation	ECO:0000256	IEA	GO_REF:0000002	InterPro:IPR037579	9606	InterPro		P
UniProtKB	Q3KRA7	FGA	involved_in	GO:0007596	blood coagulation	ECO:0007322	IEA	GO_REF:0000043	UniProtKB-KW:KW-0094	9606	UniProt		P
UniProtKB	Q3KRA7	FGA	involved_in	GO:0030168	platelet activation	ECO:0000256	IEA	GO_REF:0000002	InterPro:IPR012290	9606	InterPro		P
UniProtKB	Q3L8U2	CD40LG	involved_in	GO:0030168	platelet activation	ECO:0000256	IEA	GO_REF:0000104	UniRule:UR000146901	9606	UniProt		P
UniProtKB	Q4KMQ2	ANO6	involved_in	GO:0007596	blood coagulation	ECO:0000250	ISS	GO_REF:0000024	UniProtKB:Q6P9J9	9606	UniProt		P
UniProtKB	Q4VBN6	F2RL2	involved_in	GO:0007596	blood coagulation	ECO:0000256	IEA	GO_REF:0000002	InterPro:IPR003912|InterPro:IPR003943	9606	InterPro		P
UniProtKB	Q4W594	ADRA2C	involved_in	GO:0030168	platelet activation	ECO:0000256	IEA	GO_REF:0000002	InterPro:IPR000735	9606	InterPro		P
UniProtKB	Q53SE4	DGKD	involved_in	GO:0030168	platelet activation	ECO:0000256	IEA	GO_REF:0000117	ARBA:ARBA00027406	9606	UniProt		P
UniProtKB	Q53Y83	GLA	involved_in	GO:0030168	platelet activation	ECO:0000265	IEA	GO_REF:0000107	UniProtKB:D3ZJF9|ensembl:ENSRNOP00000015494	9606	Ensembl		P
UniProtKB	Q53Y83	GLA	involved_in	GO:0070527	platelet aggregation	ECO:0000265	IEA	GO_REF:0000107	UniProtKB:D3ZJF9|ensembl:ENSRNOP00000015494	9606	Ensembl		P
UniProtKB	Q59EE5	Q59EE5	involved_in	GO:0007596	blood coagulation	ECO:0007322	IEA	GO_REF:0000043	UniProtKB-KW:KW-0094	9606	UniProt		P
UniProtKB	Q59FF7	Q59FF7	involved_in	GO:0030168	platelet activation	ECO:0000256	IEA	GO_REF:0000117	ARBA:ARBA00027406	9606	UniProt		P
UniProtKB	Q59FU4	Q59FU4	involved_in	GO:0030168	platelet activation	ECO:0000256	IEA	GO_REF:0000117	ARBA:ARBA00027406	9606	UniProt		P
UniProtKB	Q59GE2	Q59GE2	involved_in	GO:0030168	platelet activation	ECO:0000256	IEA	GO_REF:0000117	ARBA:ARBA00027406	9606	UniProt		P
UniProtKB	Q59GS6	Q59GS6	involved_in	GO:0030168	platelet activation	ECO:0000256	IEA	GO_REF:0000117	ARBA:ARBA00027406	9606	UniProt		P
UniProtKB	Q5JVE7	F10	involved_in	GO:0007596	blood coagulation	ECO:0000256	IEA	GO_REF:0000002	InterPro:IPR012224	9606	InterPro		P
UniProtKB	Q5JVE7	F10	involved_in	GO:0007596	blood coagulation	ECO:0007322	IEA	GO_REF:0000043	UniProtKB-KW:KW-0094	9606	UniProt		P
UniProtKB	Q5JVE8	F10	involved_in	GO:0007596	blood coagulation	ECO:0007322	IEA	GO_REF:0000043	UniProtKB-KW:KW-0094	9606	UniProt		P
UniProtKB	Q5JWF2	GNAS	involved_in	GO:0070527	platelet aggregation	ECO:0000315	IMP	PMID:12719376		9606	UniProt		P
UniProtKB	Q5KSL6	DGKK	involved_in	GO:0030168	platelet activation	ECO:0000256	IEA	GO_REF:0000117	ARBA:ARBA00027406	9606	UniProt		P
UniProtKB	Q5KSL6	DGKK	involved_in	GO:0030168	platelet activation	ECO:0000304	TAS	Reactome:R-HSA-76002		9606	Reactome		P
UniProtKB	Q5TEH5	PLG	involved_in	GO:0007596	blood coagulation	ECO:0007322	IEA	GO_REF:0000043	UniProtKB-KW:KW-0094	9606	UniProt		P
UniProtKB	Q5VY43	PEAR1	involved_in	GO:0070527	platelet aggregation	ECO:0000265	IEA	GO_REF:0000107	UniProtKB:Q8VIK5|ensembl:ENSMUSP00000133474	9606	Ensembl		P
UniProtKB	Q69EZ8	Q69EZ8	involved_in	GO:0007596	blood coagulation	ECO:0000256	IEA	GO_REF:0000002	InterPro:IPR003966|InterPro:IPR018992|InterPro:IPR037111	9606	InterPro		P
UniProtKB	Q6IRW3	SEMG2	involved_in	GO:0050817	coagulation	ECO:0000256	IEA	GO_REF:0000002	InterPro:IPR008836	9606	InterPro		P
UniProtKB	Q6NSD8	FGA	involved_in	GO:0007596	blood coagulation	ECO:0000256	IEA	GO_REF:0000002	InterPro:IPR037579	9606	InterPro		P
UniProtKB	Q6NSD8	FGA	involved_in	GO:0007596	blood coagulation	ECO:0007322	IEA	GO_REF:0000043	UniProtKB-KW:KW-0094	9606	UniProt		P
UniProtKB	Q6NSD8	FGA	involved_in	GO:0030168	platelet activation	ECO:0000256	IEA	GO_REF:0000002	InterPro:IPR012290	9606	InterPro		P
UniProtKB	Q6QNY0	BLOC1S3	involved_in	GO:0007596	blood coagulation	ECO:0000265	IEA	GO_REF:0000107	UniProtKB:Q5U5M8|ensembl:ENSMUSP00000076624	9606	Ensembl		P
UniProtKB	Q6QNY0	BLOC1S3	involved_in	GO:0030168	platelet activation	ECO:0000315	IMP	PMID:16385460		9606	UniProt		P
UniProtKB	Q6Y806	SEMG1	involved_in	GO:0050817	coagulation	ECO:0000256	IEA	GO_REF:0000002	InterPro:IPR008836	9606	InterPro		P
UniProtKB	Q6Y808	SEMG1	involved_in	GO:0050817	coagulation	ECO:0000256	IEA	GO_REF:0000002	InterPro:IPR008836	9606	InterPro		P
UniProtKB	Q6ZT25	Q6ZT25	involved_in	GO:0030168	platelet activation	ECO:0000256	IEA	GO_REF:0000117	ARBA:ARBA00027406	9606	UniProt		P
UniProtKB	Q76LX8	ADAMTS13	involved_in	GO:0007596	blood coagulation	ECO:0007322	IEA	GO_REF:0000043	UniProtKB-KW:KW-0094	9606	UniProt		P
UniProtKB	Q76LX8	ADAMTS13	involved_in	GO:0007596	blood coagulation	ECO:0000304	TAS	Reactome:R-HSA-109582		9606	Reactome		P
UniProtKB	Q76LX8	ADAMTS13	involved_in	GO:0030168	platelet activation	ECO:0000303	NAS	PMID:11557746		9606	UniProt		P
UniProtKB	Q7Z664	DKFZp779N0926	involved_in	GO:0007596	blood coagulation	ECO:0000256	IEA	GO_REF:0000002	InterPro:IPR037579	9606	InterPro		P
UniProtKB	Q7Z664	DKFZp779N0926	involved_in	GO:0007596	blood coagulation	ECO:0007322	IEA	GO_REF:0000043	UniProtKB-KW:KW-0094	9606	UniProt		P
UniProtKB	Q7Z664	DKFZp779N0926	involved_in	GO:0030168	platelet activation	ECO:0000256	IEA	GO_REF:0000002	InterPro:IPR012290	9606	InterPro		P
UniProtKB	Q86SE7	Q86SE7	involved_in	GO:0007596	blood coagulation	ECO:0000256	IEA	GO_REF:0000002	InterPro:IPR001187	9606	InterPro		P
UniProtKB	Q86SE7	Q86SE7	involved_in	GO:0007596	blood coagulation	ECO:0007322	IEA	GO_REF:0000043	UniProtKB-KW:KW-0094	9606	UniProt		P
UniProtKB	Q86UX7	FERMT3	involved_in	GO:0070527	platelet aggregation	ECO:0000250	ISS	GO_REF:0000024	UniProtKB:Q8K1B8	9606	UniProt		P
UniProtKB	Q86UX7	FERMT3	involved_in	GO:0070527	platelet aggregation	ECO:0000318	IBA	GO_REF:0000033	MGI:MGI:2147790|PANTHER:PTN002700586	9606	GO_Central		P
UniProtKB	Q86UX7	FERMT3	involved_in	GO:0070527	platelet aggregation	ECO:0000265	IEA	GO_REF:0000107	UniProtKB:Q8K1B8|ensembl:ENSMUSP00000037858	9606	Ensembl		P
UniProtKB	Q86UX7	FERMT3	involved_in	GO:0070527	platelet aggregation	ECO:0007001	HMP	PMID:23382103		9606	UniProt		P
UniProtKB	Q86WH3	Q86WH3	involved_in	GO:0007596	blood coagulation	ECO:0000256	IEA	GO_REF:0000002	InterPro:IPR001187	9606	InterPro		P
UniProtKB	Q86XP1	DGKH	involved_in	GO:0030168	platelet activation	ECO:0000256	IEA	GO_REF:0000117	ARBA:ARBA00027406	9606	UniProt		P
UniProtKB	Q86XP1	DGKH	involved_in	GO:0030168	platelet activation	ECO:0000304	TAS	Reactome:R-HSA-76002		9606	Reactome		P
UniProtKB	Q86YL7	PDPN	involved_in	GO:0030168	platelet activation	ECO:0000304	TAS	PMID:18215137		9606	UniProt		P
UniProtKB	Q86YV9	HPS6	involved_in	GO:0007596	blood coagulation	ECO:0000265	IEA	GO_REF:0000107	UniProtKB:Q8BLY7|ensembl:ENSMUSP00000096991	9606	Ensembl		P
UniProtKB	Q86YW5	TREML1	involved_in	GO:0030168	platelet activation	ECO:0000318	IBA	GO_REF:0000033	MGI:MGI:1918576|PANTHER:PTN008528749|UniProtKB:Q86YW5	9606	GO_Central		P
UniProtKB	Q86YW5	TREML1	involved_in	GO:0030168	platelet activation	ECO:0000265	IEA	GO_REF:0000107	UniProtKB:Q8K558|ensembl:ENSMUSP00000153300	9606	Ensembl		P
UniProtKB	Q86Z09	FGA	involved_in	GO:0007596	blood coagulation	ECO:0000256	IEA	GO_REF:0000002	InterPro:IPR037579	9606	InterPro		P
UniProtKB	Q86Z09	FGA	involved_in	GO:0007596	blood coagulation	ECO:0007322	IEA	GO_REF:0000043	UniProtKB-KW:KW-0094	9606	UniProt		P
UniProtKB	Q86Z09	FGA	involved_in	GO:0030168	platelet activation	ECO:0000256	IEA	GO_REF:0000002	InterPro:IPR012290	9606	InterPro		P
UniProtKB	Q8IVC0	SERPIND1	involved_in	GO:0007596	blood coagulation	ECO:0000256	IEA	GO_REF:0000002	InterPro:IPR033831	9606	InterPro		P
UniProtKB	Q8IWY4	SCUBE1	involved_in	GO:0007596	blood coagulation	ECO:0000303	NAS	PMID:12270931		9606	UniProt		P
UniProtKB	Q8N696	Q8N696	involved_in	GO:0007596	blood coagulation	ECO:0007322	IEA	GO_REF:0000043	UniProtKB-KW:KW-0094	9606	UniProt		P
UniProtKB	Q8NE89	Q8NE89	involved_in	GO:0007596	blood coagulation	ECO:0007322	IEA	GO_REF:0000043	UniProtKB-KW:KW-0094	9606	UniProt		P
UniProtKB	Q8NFD8	Q8NFD8	involved_in	GO:0030168	platelet activation	ECO:0000314	IDA	PMID:12110681		9606	UniProt		P
UniProtKB	Q8TF42	UBASH3B	involved_in	GO:0030168	platelet activation	ECO:0000265	IEA	GO_REF:0000107	UniProtKB:Q8BGG7|ensembl:ENSMUSP00000043865	9606	Ensembl		P
UniProtKB	Q8TF42	UBASH3B	involved_in	GO:0070527	platelet aggregation	ECO:0000318	IBA	GO_REF:0000033	MGI:MGI:1920078|PANTHER:PTN000420280	9606	GO_Central		P
UniProtKB	Q8TF42	UBASH3B	involved_in	GO:0070527	platelet aggregation	ECO:0000265	IEA	GO_REF:0000107	UniProtKB:Q8BGG7|ensembl:ENSMUSP00000043865	9606	Ensembl		P
UniProtKB	Q8WW76	FGA	involved_in	GO:0007596	blood coagulation	ECO:0000256	IEA	GO_REF:0000002	InterPro:IPR037579	9606	InterPro		P
UniProtKB	Q8WW76	FGA	involved_in	GO:0007596	blood coagulation	ECO:0007322	IEA	GO_REF:0000043	UniProtKB-KW:KW-0094	9606	UniProt		P
UniProtKB	Q8WW76	FGA	involved_in	GO:0030168	platelet activation	ECO:0000256	IEA	GO_REF:0000002	InterPro:IPR012290	9606	InterPro		P
UniProtKB	Q96EU7	C1GALT1C1	involved_in	GO:0030168	platelet activation	ECO:0000265	IEA	GO_REF:0000107	UniProtKB:Q9JMG2|ensembl:ENSMUSP00000059224	9606	Ensembl		P
UniProtKB	Q96EV8	DTNBP1	involved_in	GO:0007596	blood coagulation	ECO:0000265	IEA	GO_REF:0000107	UniProtKB:Q91WZ8|ensembl:ENSMUSP00000072170	9606	Ensembl		P
UniProtKB	Q96IY4	CPB2	involved_in	GO:0007596	blood coagulation	ECO:0007322	IEA	GO_REF:0000043	UniProtKB-KW:KW-0094	9606	UniProt		P
UniProtKB	Q96QS1	TSPAN32	involved_in	GO:0007596	blood coagulation	ECO:0000265	IEA	GO_REF:0000107	UniProtKB:Q9JHH2|ensembl:ENSMUSP00000009396	9606	Ensembl		P
UniProtKB	Q96QS1	TSPAN32	involved_in	GO:0070527	platelet aggregation	ECO:0000265	IEA	GO_REF:0000107	UniProtKB:Q9JHH2|ensembl:ENSMUSP00000009396	9606	Ensembl		P
UniProtKB	Q96RI0	F2RL3	involved_in	GO:0007596	blood coagulation	ECO:0000256	IEA	GO_REF:0000002	InterPro:IPR003912|InterPro:IPR003944	9606	InterPro		P
UniProtKB	Q96RI0	F2RL3	involved_in	GO:0007596	blood coagulation	ECO:0007322	IEA	GO_REF:0000043	UniProtKB-KW:KW-0094	9606	UniProt		P
UniProtKB	Q96RI0	F2RL3	involved_in	GO:0007596	blood coagulation	ECO:0000304	TAS	PMID:10500152		9606	PINC		P
UniProtKB	Q96RI0	F2RL3	involved_in	GO:0030168	platelet activation	ECO:0000314	IDA	PMID:10702240		9606	UniProt		P
UniProtKB	Q96RI0	F2RL3	involved_in	GO:0030168	platelet activation	ECO:0000304	TAS	Reactome:R-HSA-76002		9606	Reactome		P
UniProtKB	Q96RI0	F2RL3	involved_in	GO:0070527	platelet aggregation	ECO:0000265	IEA	GO_REF:0000107	UniProtKB:O88634|ensembl:ENSMUSP00000054426	9606	Ensembl		P
UniProtKB	Q99487	PAFAH2	involved_in	GO:0007596	blood coagulation	ECO:0000304	TAS	Reactome:R-HSA-109582		9606	Reactome		P
UniProtKB	Q9BQB6	VKORC1	involved_in	GO:0007596	blood coagulation	ECO:0000318	IBA	GO_REF:0000033	MGI:MGI:106442|PANTHER:PTN002684396|UniProtKB:Q9BQB6	9606	GO_Central		P
UniProtKB	Q9BQB6	VKORC1	involved_in	GO:0007596	blood coagulation	ECO:0000265	IEA	GO_REF:0000107	UniProtKB:Q9CRC0|ensembl:ENSMUSP00000033074	9606	Ensembl		P
UniProtKB	Q9BQB6	VKORC1	involved_in	GO:0007596	blood coagulation	ECO:0000315	IMP	PMID:16270630		9606	UniProt		P
UniProtKB	Q9C0E8	LNPK	involved_in	GO:0007596	blood coagulation	ECO:0000265	IEA	GO_REF:0000107	UniProtKB:Q7TQ95|ensembl:ENSMUSP00000066891	9606	Ensembl		P
UniProtKB	Q9H244	P2RY12	involved_in	GO:0007596	blood coagulation	ECO:0000256	IEA	GO_REF:0000002	InterPro:IPR005394	9606	InterPro		P
UniProtKB	Q9H244	P2RY12	involved_in	GO:0007596	blood coagulation	ECO:0007322	IEA	GO_REF:0000043	UniProtKB-KW:KW-0094	9606	UniProt		P
UniProtKB	Q9H244	P2RY12	involved_in	GO:0030168	platelet activation	ECO:0000265	IEA	GO_REF:0000107	UniProtKB:Q9CPV9|ensembl:ENSMUSP00000143036	9606	Ensembl		P
UniProtKB	Q9H244	P2RY12	involved_in	GO:0030168	platelet activation	ECO:0000304	TAS	Reactome:R-HSA-392170		9606	Reactome		P
UniProtKB	Q9H244	P2RY12	involved_in	GO:0070527	platelet aggregation	ECO:0000315	IMP	PMID:12578987		9606	UniProt		P
UniProtKB	Q9H4B7	TUBB1	involved_in	GO:0070527	platelet aggregation	ECO:0000265	IEA	GO_REF:0000107	UniProtKB:A2AQ07|ensembl:ENSMUSP00000016399	9606	Ensembl		P
UniProtKB	Q9HBI6	CYP4F11	involved_in	GO:0007596	blood coagulation	ECO:0000304	TAS	PMID:24138531		9606	UniProt		P
UniProtKB	Q9HCN6	GP6	involved_in	GO:0007596	blood coagulation	ECO:0007322	IEA	GO_REF:0000043	UniProtKB-KW:KW-0094	9606	UniProt		P
UniProtKB	Q9HCN6	GP6	involved_in	GO:0030168	platelet activation	ECO:0000303	NAS	PMID:11027634		9606	UniProt		P
UniProtKB	Q9HCN6	GP6	involved_in	GO:0070527	platelet aggregation	ECO:0000265	IEA	GO_REF:0000107	UniProtKB:M0R8A3|ensembl:ENSRNOP00000065697	9606	Ensembl		P
UniProtKB	Q9HCN6	GP6	involved_in	GO:0070527	platelet aggregation	ECO:0000265	IEA	GO_REF:0000107	UniProtKB:P0C191|ensembl:ENSMUSP00000145740	9606	Ensembl		P
UniProtKB	Q9NQG7	HPS4	involved_in	GO:0007596	blood coagulation	ECO:0000265	IEA	GO_REF:0000107	UniProtKB:Q99KG7|ensembl:ENSMUSP00000107978	9606	Ensembl		P
UniProtKB	Q9NUP1	BLOC1S4	involved_in	GO:0070527	platelet aggregation	ECO:0000265	IEA	GO_REF:0000107	UniProtKB:Q8VED2|ensembl:ENSMUSP00000071840	9606	Ensembl		P
UniProtKB	Q9UIJ7	AK3	involved_in	GO:0007596	blood coagulation	ECO:0000304	TAS	Reactome:R-HSA-109582		9606	Reactome		P
UniProtKB	Q9UIR5	APOA	involved_in	GO:0007596	blood coagulation	ECO:0007322	IEA	GO_REF:0000043	UniProtKB-KW:KW-0094	9606	UniProt		P
UniProtKB	Q9UK55	SERPINA10	involved_in	GO:0007596	blood coagulation	ECO:0000256	IEA	GO_REF:0000002	InterPro:IPR033835	9606	InterPro		P
UniProtKB	Q9UK55	SERPINA10	involved_in	GO:0007596	blood coagulation	ECO:0007322	IEA	GO_REF:0000043	UniProtKB-KW:KW-0094	9606	UniProt		P
UniProtKB	Q9UKW4	VAV3	involved_in	GO:0030168	platelet activation	ECO:0000304	TAS	Reactome:R-HSA-76002		9606	Reactome		P
UniProtKB	Q9UL45	BLOC1S6	involved_in	GO:0007596	blood coagulation	ECO:0000265	IEA	GO_REF:0000107	UniProtKB:Q9R0C0|ensembl:ENSMUSP00000005954	9606	Ensembl		P
UniProtKB	Q9UMI2	PLG	involved_in	GO:0007596	blood coagulation	ECO:0007322	IEA	GO_REF:0000043	UniProtKB-KW:KW-0094	9606	UniProt		P
UniProtKB	Q9UNN8	PROCR	involved_in	GO:0007596	blood coagulation	ECO:0007322	IEA	GO_REF:0000043	UniProtKB-KW:KW-0094	9606	UniProt		P
UniProtKB	Q9UPY5	SLC7A11	involved_in	GO:0070527	platelet aggregation	ECO:0000265	IEA	GO_REF:0000107	UniProtKB:Q9WTR6|ensembl:ENSMUSP00000029297	9606	Ensembl		P
UniProtKB	Q9UPZ3	HPS5	involved_in	GO:0007596	blood coagulation	ECO:0000265	IEA	GO_REF:0000107	UniProtKB:P59438|ensembl:ENSMUSP00000014562	9606	Ensembl		P
UniProtKB	Q9Y490	TLN1	involved_in	GO:0070527	platelet aggregation	ECO:0007001	HMP	PMID:23382103		9606	UniProt		P
UniProtKB	Q9Y5L3	ENTPD2	involved_in	GO:0030168	platelet activation	ECO:0000265	IEA	GO_REF:0000107	UniProtKB:O55026|ensembl:ENSMUSP00000028328	9606	Ensembl		P
UniProtKB	Q9Y6T7	DGKB	involved_in	GO:0030168	platelet activation	ECO:0000256	IEA	GO_REF:0000117	ARBA:ARBA00027406	9606	UniProt		P
UniProtKB	Q9Y6T7	DGKB	involved_in	GO:0030168	platelet activation	ECO:0000304	TAS	Reactome:R-HSA-76002		9606	Reactome		P
UniProtKB	Q9Y6X5	ENPP4	involved_in	GO:0007596	blood coagulation	ECO:0007322	IEA	GO_REF:0000043	UniProtKB-KW:KW-0094	9606	UniProt		P
UniProtKB	V9HVY1	HEL-S-78p	involved_in	GO:0007596	blood coagulation	ECO:0000256	IEA	GO_REF:0000002	InterPro:IPR037579	9606	InterPro		P
UniProtKB	V9HVY1	HEL-S-78p	involved_in	GO:0007596	blood coagulation	ECO:0007322	IEA	GO_REF:0000043	UniProtKB-KW:KW-0094	9606	UniProt		P
UniProtKB	V9HVY1	HEL-S-78p	involved_in	GO:0030168	platelet activation	ECO:0000256	IEA	GO_REF:0000002	InterPro:IPR012290	9606	InterPro		P
UniProtKB	V9HVY3	HEL-S-269	involved_in	GO:0070527	platelet aggregation	ECO:0000265	IEA	GO_REF:0000107	UniProtKB:P27773|ensembl:ENSMUSP00000028683	9606	Ensembl		P
UniProtKB	V9HWF5	HEL-S-69p	involved_in	GO:0030168	platelet activation	ECO:0000265	IEA	GO_REF:0000107	UniProtKB:P17742|ensembl:ENSMUSP00000117987	9606	Ensembl		P
UniProtKB	V9HWF5	HEL-S-69p	involved_in	GO:0070527	platelet aggregation	ECO:0000265	IEA	GO_REF:0000107	UniProtKB:P17742|ensembl:ENSMUSP00000117987	9606	Ensembl		P
ComplexPortal	CPX-114	gp1b_human	involved_in	GO:0007597	blood coagulation								
ComplexPortal	CPX-117	gp1b-flna_human	involved_in	GO:0007597	blood coagulation								
ComplexPortal	CPX-1922	fibrinogen_human	involved_in	GO:0072378	blood coagulation								
ComplexPortal	CPX-2808	f3-f7_human	involved_in	GO:0007596	blood coagulation	ECO:0005547	NAS	PMID:18640965		9606	ComplexPortal		P
ComplexPortal	CPX-2808	f3-f7_human	involved_in	GO:0007596	blood coagulation	ECO:0000314	IDA	PMID:24998411		9606	BHF-UCL	occurs_in(CL:0002618)	P
ComplexPortal	CPX-2808	f3-f7_human	involved_in	GO:0007597	blood coagulation								
ComplexPortal	CPX-2808	f3-f7_human	involved_in	GO:0007598	blood coagulation								
ComplexPortal	CPX-2808	f3-f7_human	involved_in	GO:0072378	blood coagulation								
ComplexPortal	CPX-4945	f9_human	involved_in	GO:0007597	blood coagulation								
ComplexPortal	CPX-6204	f8-f9_human	involved_in	GO:0007597	blood coagulation								
ComplexPortal	CPX-6205	f11_human	involved_in	GO:0007597	blood coagulation								
ComplexPortal	CPX-6209	f12_human	involved_in	GO:0007597	blood coagulation								
ComplexPortal	CPX-6211	f7_human	involved_in	GO:0007598	blood coagulation								
ComplexPortal	CPX-6215	f10_human	involved_in	GO:0072377	blood coagulation								
ComplexPortal	CPX-6216	f5_human	involved_in	GO:0007598	blood coagulation								
ComplexPortal	CPX-6221	f5-f10_human	involved_in	GO:0072377	blood coagulation								
ComplexPortal	CPX-6222	f2_human	involved_in	GO:0072377	blood coagulation								
ComplexPortal	CPX-6223	f2-thbd_human	involved_in	GO:0072377	blood coagulation								
ComplexPortal	CPX-6225	fibrin_human	involved_in	GO:0072378	blood coagulation								
ComplexPortal	CPX-6230	fibrin-clot_human	involved_in	GO:0072378	blood coagulation								
ComplexPortal	CPX-6231	f13_human	involved_in	GO:0072378	blood coagulation								
ComplexPortal	CPX-6234	klkb1_human-1	involved_in	GO:0007597	blood coagulation								
ComplexPortal	CPX-6235	f8_human-1	involved_in	GO:0007597	blood coagulation								
ComplexPortal	CPX-929	f8_human	involved_in	GO:0007597	blood coagulation								
